f1,f2,f3,f4,f5,f6,f7,f8,f9,f10,target
2.4271809282656074,-1.9080479405695796,1.545237712763686,1.6918348375245835,-1.0602648579189795,-1.2426719321312214,0.43154120861016065,0.6725483106903194,0.02497126237099896,-1.6007371559445422,1
-1.1137075263160183,1.7867554488303223,-0.6334534418836993,0.684842194105591,1.0180740740728038,1.5761372701554328,-1.0698087180817317,-1.6079143227844837,-0.262907197874966,1.1962975438431387,0
0.7506088902453129,1.3450186562715805,1.486396043328376,0.774656635890075,0.2731339577695926,-1.4067251655607214,-0.8630772184993547,-0.0892850682566283,1.1314577963453558,-1.1137455204218745,1
1.2583413368754193,0.24673045108693178,-1.1011551411244231,-0.6168485909917149,-1.583085698344538,1.1847980512730065,-1.6095616215457293,-1.4255320138838388,0.39696829132504247,1.5561044375270834,1
1.670759843312157,-0.05433647974870458,-0.7375559646469723,-1.2133700702479149,0.6591277853608193,-0.6710837538334592,0.10001742455765139,2.323274925376266,-0.610867778207135,-0.2574086071849611,1
1.0142421006216191,1.7675023957653402,1.2277999878516854,-1.3599691901191746,-0.33198134297397797,0.7261026756779492,-1.501619008797157,0.5481327278519097,0.7839676512169459,0.48809538137918235,0
1.1222982870765583,-1.6095209830809794,-0.07158347160249721,-0.9652763395995575,1.7983839818718945,0.723260200221526,0.5167173960267899,2.2959958773315665,-0.6973091506990274,1.1315784515395237,0
-0.9983523792740214,-0.3390783736268482,-0.3515368762486047,-0.7061286121861053,1.6510029523235112,-1.331503853117465,-0.45939001754851083,1.0057183856114023,-0.6713242302684823,-0.2760110617164809,1
-0.11877346584819182,1.1954527117529803,-1.7984139213578147,-0.9039121651626768,0.9552400100770242,-1.3110505755007418,1.79667256263898,0.8347325501823566,-1.5538930044475427,-3.254478941297708,1
-1.447875096004502,0.7235822859100567,-0.4770057183213565,1.2236068834576266,0.9380099719443336,1.738967377597135,-1.5529884205995874,-2.4134821444880945,-0.2597616552876761,0.8108617160332247,0
1.8792930541431834,0.045629329987863926,0.29542412700076187,-0.5767899634632523,-0.31226099574930954,-2.560818301936781,-1.8047419500599315,0.3905691542115348,-0.16981997217719902,0.18571668936896457,1
-1.371698225931088,-1.0395033686039294,-0.5403716202650091,-0.4221291640727909,-1.00357577096021,0.5356826049647877,0.859424063246299,0.10774707339895828,-0.8386274786632111,-2.48566380157107,1
1.3681921833602275,-0.7512555936946737,-0.41504460043763486,-0.0035057267586741823,-0.24812646665288907,-1.2956423421126697,1.8103198183863456,1.6807894059331168,0.13894280970401568,-0.8396916603612474,1
-2.7656302795723415,-0.4918194904828303,0.42489814990581537,1.439293483835469,-1.3047082084278219,0.5811627555730875,-1.4423048122151914,-2.005344226545742,0.3530061805464952,0.9741233692959304,0
1.0953514486043539,0.7220269583564439,-2.024953334893217,-0.21462066538522007,-1.3462785279596068,4.898836483319127,0.46998752538413213,2.487496327529011,-1.6372279069240634,-1.5883692482505825,1
0.9033105927821673,-0.49102969807798746,-0.23595548602317848,0.17777813858498556,3.2894123403450957,1.7003134618889537,0.4568668459629104,3.895818762647871,-0.40197097205696275,-0.27992454232200725,0
1.954418658631715,-1.024949531131682,-0.1504698974825089,0.3505754576125445,3.1828298908773593,0.8097432712889504,-0.1762611322907508,1.0860999336871995,-1.167519120076846,0.5205988811089679,0
1.3506475561692857,-1.0253338905324527,-0.28491234787746483,-1.2369989013620626,0.15770059451015062,0.991526137794754,-1.2213272075551336,0.21221318703067793,0.5593373245276719,0.6401696361230503,0
0.44197448707874076,2.0180773827178204,0.3982209514202937,-0.2637350376313479,4.537229059006071,1.7741676114670435,-0.38808105939650694,3.670451819100538,0.23053712782830446,-0.2521534658435748,0
-0.7100539147016187,-0.9797427560096463,0.23609816417071042,0.9698408648399088,3.161945034192296,0.9828939478462921,-1.8058979353816391,-1.3011688317881833,1.1461819030494391,-1.3699857724669031,0
0.8950907742229026,0.6126409425877073,-0.05755147023815961,-1.2702092433869467,-2.436955174853499,4.520462511718868,-1.5759359602786422,0.7168538727860365,0.6792608808887145,-0.5735140205204284,1
-0.014016282783710698,0.5563090120364924,0.456121658752389,0.3528336431526199,2.1880854307186643,-2.26723675233704,0.9679233181127666,0.32316132537187914,-1.9090563503511346,-1.6297331652461955,1
-0.7194756824959906,2.1356874094133724,0.3601912781016061,0.09440695340416014,2.364698043236806,1.3310745969146205,-0.9855619488970696,-0.84780432213055,1.1616782313232301,0.15823086965328603,0
0.10078553697638182,-0.9458633078963248,-0.7810089435481842,0.6725196983410208,-0.13346280867270566,-0.4617820114176061,-1.713477242705233,1.077165927853782,0.2599579936436911,0.2598832349192977,0
1.1006320513046552,-0.6901408375488947,0.6448412895542254,0.3125765753355642,-0.7907934493760627,-0.17610042582033092,-2.309505092001041,-0.20064401398977272,0.7742910581643598,1.6866513536678973,1
-0.5354436227525172,0.4361529815080361,-1.3974846128304432,-0.17762495864332084,3.2988176909381175,1.1422361493403246,-1.3297943264030665,-0.7286827425555873,0.5990395797343382,1.3784902221527295,0
2.776613997481421,0.7544756997706997,2.105161380972418,0.10025648704515945,-1.629202931854841,-0.31605078218927574,0.2979707668625603,2.1452415919459664,-0.0412437066390535,-1.2098121970579119,1
-0.015637606469394383,1.423754075307279,-1.3716446439538834,-1.7164831767444462,3.254941852410129,0.5956972470390075,-0.3303207892011061,3.862396640041151,-0.5355570796987947,-0.2110686698851942,0
1.222753302049598,0.664052953305583,-1.012474370154391,0.6124001607980137,-1.7150763764358055,3.223088983027604,-0.5906400749872348,-3.390671874627372,-0.5098325165018007,-0.5350330846915701,1
2.697156790135978,0.17911401136846739,-0.966379093792069,-1.111778299134442,0.42183291438872916,-0.8343132276558657,1.3568745334970658,1.2025429052173158,-0.8716021981573001,0.7745804977317415,1
-0.7195693410300055,-1.1364499386607045,-0.5913014466965381,-1.579627452555176,1.9627668945720569,-1.78095824877698,1.5668110983800814,0.34945520926485196,-1.2421790697284936,0.5970725610113586,1
0.8934198961103244,-0.4077270172686185,1.2727575366353827,-0.5716183915692663,2.6795456287549646,0.18893966566214382,-0.5226502493423995,1.0857411623249047,-0.31122089750855303,-1.5790401111179289,0
2.2274736101487687,-0.11153361619350736,-0.2635209201591318,-0.7806543998559737,-1.4751891536396908,3.389002576374612,0.15137363275011473,-0.5351436906524163,0.17209287613183,-1.3867682108376858,1
1.9386058657495941,-0.8763937434747587,1.450087042175752,-2.0630118115008154,-0.8873114664135173,-0.24893021824853123,-0.12531792200221248,0.9890356940709909,0.6803425779863251,-1.2702318390275464,1
-0.24449005440278815,-1.3905948609320575,0.7131723652486122,-1.6891124539708449,3.6496130994642657,1.4171125146424162,-1.2106796365655201,2.6405959491513444,-1.4471735937410677,-0.22873502625875175,0
-1.77467281722148,1.4586813374587233,-1.4214646871565255,-0.0283398453664603,-1.119562629162742,1.4381590913149442,-0.36544892419173336,-1.4228913086628705,1.539017375255416,-0.12151967820023801,0
2.674355115418155,0.019205968003691544,-0.6211380888123978,-0.7812724996943938,-1.059560989135231,1.5853860020857053,-0.3264652328234027,-0.6326435511816251,-1.3896296708555456,0.8624022887588952,0
2.797512827746049,0.4367325555648351,0.9679737442743352,1.0374611035089725,-0.3088056313052254,-0.951686484207784,0.09196735212241158,1.5390642826891177,0.40120716348299545,0.9358688292198426,1
0.7731432838693413,0.7388232834503655,-1.0720580618430398,1.7369429430193026,1.6599843754048775,0.9719911813491038,-1.2115105579011716,1.1280353382856616,1.2803323038717285,1.3023407448537614,0
1.0731551421867005,-0.14781626507577086,-0.12371717013848642,1.5371378108818,-0.8519543947775549,2.1307279297062407,-1.353424020629587,-1.3334598465172627,1.0709129433745872,0.7431321798582009,1
0.6264588164939069,-1.904935777417886,0.9665442505206122,-0.5123173104590948,2.9191616936310716,1.4048765952736866,-0.6395924006977304,1.865673322686523,0.2575331531289845,-0.6763331514442502,0
-1.6230443287100111,0.5016396822608584,0.4247993134767853,-0.971006823410639,-0.18739197698581145,0.14557346205804722,-1.6230575459252705,-1.4262210544408735,-0.7781814783754998,-1.0863918778775465,0
-0.09118687038298812,1.1681684014540978,2.2494375841962904,0.553001671903652,0.5045477279159183,-0.9487081658925541,-1.4329645512382054,0.6766815986456355,0.37227461003854023,-0.9076135332330816,1
-0.8092532501582157,0.7552429989905723,-0.5174865483256956,1.2348790173863373,0.45782440447602546,0.35524869794361835,-1.6822624564317596,-1.3988737846090578,-0.1969257225752349,2.3402964980453067,0
-0.6850859082981477,-0.3596988359733296,-0.8932494975183977,-0.17437970740390066,-1.8971449229735797,2.9875284745612127,-0.8135828714535277,0.46136235007826665,-0.5125801037467602,-0.034181328830489306,1
0.8573976963774403,0.6450378554489973,2.3391289515689104,-0.9952966937905094,0.9195320648814325,1.0784085241602932,-1.5451481973703252,0.5892600820793275,-0.012413219525594604,-0.33408815877533443,0
-0.30604465944044135,1.6332295165199409,0.7041298480492758,-0.5322617261715757,3.3445725435501705,3.0483637203509377,-1.0358336265852521,-2.3637800860488642,-2.158341916889131,0.796965795509925,0
1.2907637953880373,0.43328413343925887,0.31061722846614837,0.8621103951896245,-1.2194167379997898,2.9612647884179992,-0.8750582950458664,2.2136473945265127,0.8050837886620336,1.40337865669859,1
-0.30993407421053276,-0.28680540933353904,0.8949874360948072,0.2704081342080487,0.8307281133517829,-1.0724562857110214,-0.7671592258504805,1.0332196707262493,-0.6170782092104371,-1.2782626292575752,1
-0.852661371707673,1.9978261250271308,0.8691275372181939,0.14418199150892913,-1.5462813658549504,-1.2193123338818372,-0.7653349701153612,-0.4523721420852508,1.1790307525919472,-1.4395936078302172,1
2.4311218408002873,-0.4475971905164135,0.492239464464855,-2.6756846490362367,0.2548397066965955,-0.4732740885502402,-1.462023081453522,-0.8122317152475984,0.6518839479369677,-0.9950849678878427,1
-0.3763250390792583,0.29953250304321194,-0.4320438142447743,0.9297402248111573,1.0683006359920033,0.23428630017197638,-1.9052682341735472,1.5656996659946216,-0.5762619290282724,1.8075903221923073,0
4.575373253802622,-0.5129346017785028,-1.142595269487263,-0.8955458847173062,0.8515731053536637,0.26782983714728603,-1.3002496787179738,2.616582374259708,0.48861309641645756,0.15303391737438812,1
2.254702242598257,0.8727594562340973,0.397924846715333,1.2091462860902118,-2.0255246719016813,1.2482375718421368,-1.9906495363860597,-1.619572617255443,-0.7377552468328822,-0.793167058876348,1
-1.3904172309585607,-1.581355226130057,-1.4819885411257958,-0.4942015491627052,2.268239737940105,1.0344568045752385,-1.8123417004778166,-1.5818249800910986,0.3884228943128649,-0.05118484564042785,0
1.5789892691031273,0.4514695865637963,1.4303627991183554,0.6650224694439736,-0.2503446064594703,0.7691603701881262,-0.22588442791045293,0.20042996850470396,0.9877351010253084,-0.2287985078143456,0
1.8536867806096642,0.4891686338368702,-1.3752594809811896,0.33419894317176624,-0.6675630478985612,-1.7069505531546576,-0.9735580562071976,-2.802447250810311,-0.5463262643119116,-0.9339919596369565,1
-0.9087966358669789,-1.8699272950480827,-1.1885974024676345,-0.22539528216232319,3.444892358159396,1.5540902513977803,-1.4787740554942888,-1.3546912512193392,1.518322824567314,1.4433000101297884,0
0.7762583243600272,-0.7491210759610244,0.9376148435095977,0.8108637327605234,4.4145645377220175,0.4390264049375203,-1.7594719131037748,-0.07659466100863355,1.1475664521446984,-0.49079202562160607,0
1.4581690334337103,-2.2408467440227384,1.2958270717726919,0.10934057634090907,-0.47712829485165154,0.4663115279140899,-1.341126705785359,-0.7294279652966749,0.005635830296852785,0.5664250279877657,0
0.4851875611875347,-1.4669059453519193,0.0554112559857662,-0.715262519315179,2.7444798821657175,1.08026968603295,-0.48729791874705397,0.2460509065654748,0.19211426707866847,-0.07141497837265344,0
0.5453293856812321,-0.6928146080500917,-0.06491273274502102,1.1131931245769775,-1.3957356313187308,2.643938990543086,-0.7379146748319381,-1.400315105109468,-0.4351422094022193,0.8425131082361962,1
0.45993881571167594,0.09293023411398735,0.3373630663468662,-0.44694772758266543,2.8364815094841402,1.2882416089519393,-1.3680678402386552,1.3811401423736411,-1.2174801872358345,-0.42867479688130566,0
-0.959042054984546,-0.8685964306357081,-0.5842950296804812,-0.03688895306890407,2.5892889211408274,-0.011336142831321228,-1.9964766706793153,-0.6972054560845302,-2.1670900615257573,-1.6159763337170558,0
-0.40128092833700324,0.450997370432614,-1.5080143726328283,0.8271023817633405,4.119326441775765,2.6712774066136227,-0.2277937590674337,-0.704393778210132,-1.4577913880148494,0.9928774681886875,0
-0.20547434102808526,0.8935920406314611,-0.05661208726445672,1.3655229804061881,2.008207068653659,-2.1539304351272373,1.8538561075886724,-0.2943823982531444,-0.5409539034797328,0.026571963404306374,1
-0.13583696902848086,0.7759775664061606,-0.530800478794885,-0.39478240919542645,2.261355030185284,-0.5946020372848466,-1.7259481552647364,0.1687381320391561,0.5144760705317492,-1.2152725762268937,0
0.6500057550801103,1.3882009388541612,1.2297551305579804,-1.7091635551904558,1.1481779192319017,1.0928419845921173,-1.4924392276214087,0.9160403112940967,0.7243545112656794,0.10525970102333387,0
-0.752409014452781,-0.28164738225493074,1.799064234023653,-1.0553862213417338,2.269527299311081,1.4467274355462723,-0.6303047893735656,-0.5945713546843272,0.6417092451913268,-0.34658458161881917,0
3.0487214349264398,-0.14224842863978576,-2.1293270511692226,-0.9137933515835214,0.06533702463968971,-1.273265584541135,1.5048135625500323,1.6237831386100823,1.5147146124944029,-1.0902350801857508,1
-1.1383685995883805,-0.36382572554789916,0.5944456040041143,-0.8936535102956071,-1.284184891239821,-0.6972665213140106,-0.9781537183550467,-1.2959445836080472,0.5122943105042589,-0.2829973472998606,1
0.14485301460816624,1.5457331421535163,-1.0872403387446656,0.6906305697567595,2.0488099417505423,0.38602495940177095,-1.7565412008949834,1.3274951766689436,-0.8177041519860727,-0.1520908861467986,0
0.6871084104791845,-0.37979424209195584,0.5375171269731426,-0.8211597081953365,1.0857380085447073,-0.9834596192795352,1.3507973488529434,1.267910485077132,-0.4665549688269199,-0.25204912463485596,1
0.6806260966304989,0.015030036910796848,0.4575149018450362,0.5165570447998351,-1.7649436613793563,2.3601895508407145,-0.6950581213695687,-5.814203319975748,0.6200836816119566,0.8879108862517514,1
3.3512170687868927,-2.478638119127923,0.5272865396919497,0.4109902028775005,-0.47450197266374605,-1.0299482557753012,0.24152790166734583,0.6754245497099505,-1.651918183191787,0.10122772783489464,1
1.7330993817183513,2.2123906375910085,0.3985640658920072,1.667012705357071,-0.18591224623369085,1.269762578779595,-1.0503889858917148,-0.3387952894560977,0.39164023988893254,-0.8694327480368637,0
1.4205100265852968,1.179259334610126,-1.181286806672826,-0.7574307747527896,0.4406641722749173,1.5822842784072135,-1.3603116018066412,0.28856436747841085,2.0026827664085918,0.03053649499535071,0
0.6261274359396295,0.437822878510287,0.4334552379006314,1.4552426408204644,-1.297039818580705,5.134251836353989,0.96928719692989,-3.3918530995739165,0.8352595671994314,-0.7432717673588966,1
1.4973384921806348,-0.5580863501366736,-0.45067901649773273,0.5826808130151858,-0.49259899577879196,0.7186811546593221,-0.4513920278932426,-0.0290201763602822,0.6321209472278112,-0.44466906769890485,0
1.0617498642663745,0.0039612809245876,0.6909252921300084,-0.6473772706479662,1.363868742507023,-1.7545837153968464,1.778152641501047,0.292654043278499,-0.5914438195394393,0.017969507218870237,1
1.2398913016072282,1.9757358680726422,-0.4778523960351749,-0.008585201859605372,0.8367108469754713,1.539798687406457,-1.1518474244539,0.4873968772740819,-1.0837353699401662,-1.1227366253686797,0
1.4770654246243917,0.9118317785133704,-0.2970572078727427,-0.9762464514545354,0.8040694161440183,0.5578302688590266,-0.19361406172346762,0.8926936350364488,-0.668876034443013,-0.30087204539152507,0
-0.8795346270200732,-0.7689416248939225,-0.7438593891229156,1.0286103113033778,2.0020010432573736,-0.922773237492592,2.9249490010020995,2.6067585614393076,0.49549866914018087,-1.1473415163213292,1
0.7700352477990657,-0.8721145525081975,-0.14697698204713777,0.009524157933607764,-1.0025121522155274,2.526746574001219,-1.068403750326305,-3.729160692055976,-1.5855620458659492,-0.24036503163270606,1
0.5826536179194955,-0.09366232488927782,0.4931698342388367,1.1497153292266302,1.467404114220894,-1.3820361737564646,-0.05995684141237678,-0.4026057145127062,-0.7252436766377852,-0.04188005496506906,1
-0.01868796015471763,-0.7437160852944981,-0.41234669342340735,0.03486241532916554,2.0358699231826307,-1.911700526909497,1.78529194698562,1.8277647032624071,0.5141458264060461,-0.6013004645117327,1
-0.4436560752705756,-3.017646892747387,0.028135512201254837,0.6342839331822381,-1.740465938059447,0.5850884950795833,-1.102410760968793,-0.6393919748395211,-0.7176622759721215,2.762684532731502,1
-2.0408950224798836,1.6341410088854915,0.3180681628612475,-0.3320847466741954,2.170925433412897,-2.042628780058642,3.5788493226042895,0.5251558143750981,-0.056014671833671356,1.6216475959513212,1
-1.0466400396954612,-0.853677408287937,1.5321637696085468,0.14903970062499755,1.4860189894205857,-1.2383609736165107,-2.397024597478392,-0.32624866942574315,0.08860639072474857,-1.1264276888827558,0
0.6294061918014073,-0.46654844620499125,2.2819029165141713,0.6657600540078024,-1.8879316333661,4.586175383880743,-0.6450074077925869,-3.8827572356686666,0.015396536877895222,-0.5560200221581361,1
-0.6788764260166786,2.2182669931208663,1.2082690915880543,-0.2962491987642396,1.4669290545415998,-0.5883549587603518,-2.379517816616371,-0.9141787320159015,0.057351269979681666,-1.7553545693201642,0
1.5167792605403818,-0.5549993881142102,-1.194537507036252,-0.6031475670136943,0.6291114988160669,-0.8823537611183315,-0.06987153852459227,1.576418466786199,-0.8613630529495482,-0.8326711530189439,1
0.40418878587675267,-0.37656662149101117,0.13999374263643455,0.2853993767216869,5.104680512282947,2.932285707460853,-0.4833502168446764,3.7617848195742107,0.6291750910507029,-0.5434731072535431,0
-1.3379834355480735,0.504152361376481,-0.7802885344227728,-1.4152051197449083,-1.6858671878410056,-1.2272963128927392,-1.1201681918148956,2.177020582194026,0.08122550315024984,-0.4001245847187433,1
3.3293409935707294,1.1838190585107766,1.9288439640217565,1.3158872670461172,0.38731535760036107,-0.22383177262424936,-1.563391333393355,1.616659794243065,0.30885264878715324,0.04652846593370863,1
3.1586251866005455,0.8424887372351394,-0.16676763087448562,-0.7271848826528688,0.6415653452691503,1.453854016503123,-0.7592431976853034,0.19514685801043186,-0.7308749265135105,-1.0660383628853936,1
0.25611086510538084,0.9834818955451907,1.0009326791956685,-0.07550997256680743,0.8534085197165172,-1.0501758229293734,3.4401403055421578,1.6477668223742385,1.0341099905036009,0.2233023395522055,1
0.01834941748876151,-0.1483471788078211,0.2039053513449041,-0.8313061316402847,-2.5870415194277374,2.9420321462796486,-1.2254366384428312,-4.211895363534621,-1.754797885371245,0.5628399963216041,1
4.724045773761775,-0.7296043637016657,0.5661869364210564,1.3060614618427262,-1.1707319742215603,0.4054376842662164,-2.338178260934722,2.3273064712506377,0.9424092950341348,-0.12399297370756884,1
-3.436979766443589,0.0014628548137902023,0.2669775898716591,-0.39275061839707964,-1.5772867394123131,-0.7663842035698956,-2.023818698706375,-1.4958791291092615,-0.6736568716031917,1.085177848172317,0
1.337412860537473,0.21559968370586682,-0.4168852800525142,0.24475032668477378,0.6586571088645706,-0.3703181559680422,-0.05847636113034116,0.9554967668069045,0.6331686033160521,0.08369939861550929,1
1.736338489067705,-1.9771131794544552,-0.7838505846547171,-1.8443616622206864,-0.7481066952139805,2.0345438000061478,-0.6410566878991509,-1.7142926623275851,-1.1092685864671672,-0.40467511819418844,1
-0.16497531429811896,-0.08390186326829689,-0.2981305792658438,-0.377854888784894,0.9096356721136384,-2.2958886113061205,2.992847516620234,0.663061707112329,-0.38368425507628,-1.6524123902968042,1
-0.45990257988537686,0.15917711592258094,-0.08171069214157814,0.7823727702921633,1.7384292675393955,-2.3460966916735484,4.662873868752731,0.5953708103584596,-0.6957191244670855,-0.9887373184198183,1
-0.08017005334475691,1.3380271627819205,-0.10155820367255168,1.1399751145005097,1.7706796965507163,1.1831213894987476,-1.6134021365054776,2.7087110112411503,1.0075806827627332,-0.4822722102015164,0
-0.1938683175433712,1.778269239304477,-0.29961744891075925,-0.08374443538190161,0.656755604268648,1.8597634191322177,0.3324553596957547,-0.45681157095133706,0.6401248756416215,1.6852235114797387,0
0.7134647121711727,-0.17197574364882165,2.151102720289829,0.5954589932786869,-0.6835403711150558,1.0681122369771356,-0.15148117121660842,-1.1916985577521735,0.37251966709167095,0.7702860513831254,1
2.2892032244574896,0.47625276008722073,0.22956261485596166,0.13659151739839284,-0.5675871965645911,1.0859921453162202,-1.4113324284247075,-2.645477464171656,1.5224389097565452,1.4279519022530862,1
-2.4250308051557696,0.6682132544361378,-1.3477869752125091,1.6440967778524607,-1.663062542246943,-0.43899881646384276,-1.2708328651819656,-0.7605010760102454,1.1520386983137296,0.6780199154669925,0
-2.054131202865099,0.8209228791097093,-0.9772376887147608,0.20788037677769067,1.0691798177114367,2.647180964813347,-0.8654676562828811,-2.4557782693239316,-0.9115099686768718,1.738397194049411,0
1.2753636027276043,-0.701750442130786,-1.5604981578743569,-1.3817702424835547,1.1971411035321913,-0.2731156980037299,-0.4083336445249399,0.8465963500887727,-1.7171891333603786,0.25431562655371026,1
-3.3749971276225983,0.16319402465516725,-1.2746112913601737,-1.1366408834672381,0.10198431846321498,2.2769644525100157,-0.8461313342453775,-2.4123039501800694,-0.7201426001603074,-0.4002581409471725,0
0.03906134408847306,-0.7743014221048548,0.7600229424410339,0.061156459935711685,0.9590515969631375,0.7471998977020158,-2.59600596917158,0.24950234765078938,0.8108631155983491,-0.3941557711847975,0
-0.08745640917557429,0.4029445735036032,-0.005275597109045737,2.2041861678862227,3.0026850900783013,0.6085240157070144,-0.5474405439390505,2.5868706924762703,0.457040065596367,0.9757125379826657,0
3.0696980957941986,1.0425415920925094,-0.035143579404707616,0.5925553079287688,1.776710656865553,-0.954451631601914,-1.3012535703052701,0.7482212987958332,0.4631620978788213,-0.5108248188641186,1
1.4174555815059011,-0.1341253790451568,0.9238650159641746,0.061086172598312574,1.1636581123060183,-0.8845706639432802,2.07896991317864,0.40307012277196996,-1.3646486738693806,1.4795272035185179,1
-0.9432151509007054,-0.19520278682916792,-0.18098586601432187,0.10156242350360772,1.4928887413566478,0.26283328949551166,-2.0461703930160335,-1.3599187357959073,-0.7260572966372096,0.6234079739950275,0
-0.6317036965819258,-1.2830719897303882,-0.9320268136452012,0.42554129427578086,-2.3502699894547123,3.3717999377692878,-0.4513969732190628,-0.9624496360894316,-0.42026827411085543,-1.1548940361658717,1
-1.9168382517489828,-0.87996435202241,-0.8269805995836251,0.6822210809128297,0.9009512465605138,1.0685262298505822,-1.8905215691445971,-2.2820072603161137,0.5117309642699077,0.16089420419906206,0
1.5463095826692013,0.46005434144644425,1.5538005010876805,1.0909666745194195,1.6125006648912332,1.743455276368338,0.0010603045908841313,1.9939972108636663,0.22650535211528855,-1.995080466414733,0
1.494891389654855,1.4610256223390974,-0.12147401855004489,-1.2284906763809074,-0.2547779187946626,-1.4755518027045613,-2.1850114546407697,-0.7137201727101127,0.002465829487519671,0.3523521103140539,1
1.42235522669247,0.33917757913548424,-0.20931661662150006,-2.2694978644974095,0.4489495878648294,1.4063668082956495,-0.7627928962940941,0.928699851050647,-1.6563805271410257,-0.9026885938220728,0
0.4738745636859929,-0.8507648486877276,1.1210392638449234,-0.7753263821119137,-1.0135255859663126,1.6957170955934275,-0.845594529814345,-0.05878668810464216,-0.14810897947188312,0.17376920195727316,1
-0.5137552533581919,1.3147884915190176,-0.5491907692968236,-0.4923187949790351,0.6167769635912368,-0.3447430256806667,-1.3523111538498243,-0.216414192715076,1.1161342887381218,-0.4214748374312925,0
1.7622840270082238,0.10653496705378047,-0.44721781472885597,0.1844165694269777,-0.391574668221214,-0.7713671430011932,1.7255809018232626,0.015845807301883785,-0.09387455497335931,-1.7290991774320505,1
1.0952196748657588,0.6998157231050156,0.07776746897252963,0.02777007853531545,-0.5209608946548774,-0.8720843668418503,-1.7564429226493656,-0.5252458241392609,1.4216958832848487,0.6937519207067695,1
2.492097827257761,0.9572338077486858,-0.01222758521992526,-0.2689161946978014,-2.161628134482387,0.48092178908833905,-0.6656987673514393,-2.3762218628451506,-0.5828867213760348,1.5873276541102175,0
2.853395494150209,0.5917177267819871,-0.48317329492491273,-0.1480215065346948,-0.28874621973070613,0.671886334945667,-0.2687755279127283,-4.106582076746552,0.5693741568237123,-1.307955749963377,1
-0.20056105740322971,-0.3368662050405336,0.5958974585203659,-1.1101887981524234,0.9291602088022635,-0.5107943644863044,1.7341986356138932,1.7203531101037959,1.5227112992961702,0.9430514466067954,1
-2.777036026820601,0.5193463295971336,-0.47444699149447894,1.1392713991971015,-2.4181668859493795,2.295746448281566,0.5902634549988417,-1.4670959344822156,0.8416072037583913,0.31981163479617813,0
1.8252126525095425,-2.654162345709856,-0.6619364087633757,-0.5830018483659962,-1.0775359115165262,1.263855337109859,-2.012277665894965,-2.2655644623608255,-1.2981645335327363,-0.9974337387517476,1
-0.8340646959684441,-0.27460232652043887,-0.10652910519408315,-0.29550228953308394,3.47186798970925,0.12560609966857428,-2.3531274811149334,2.5106588634435734,0.8731831407786059,-1.6195560287674056,0
1.4920817529334638,-0.27062674654025753,-0.49029841026058163,1.4517058807768237,-0.8250750620605283,0.8939649044858899,-1.4897776643229508,1.0126671952545716,-0.4065269251031607,0.1871840274885842,1
1.4106745108175032,0.8021567911628121,-1.101681879928681,0.15565419709973197,-1.5254002839952032,1.722564518855571,-0.9106247361862605,0.515286130243956,-1.1680869521078483,1.563992154846776,1
-0.2440732609450429,1.6625550811140222,-0.1397989190107496,-0.09662953619667236,1.3518682174438066,-1.6280918326127218,3.015545176071092,0.2923447196341893,-0.24096058285591823,0.12157900053938211,1
-2.9094471917118163,0.13888752134537663,2.5052652454734647,0.3413442593453236,-3.787260750159266,-2.0989341578013514,-2.2308155767071383,-1.1291633859024548,0.8469255812126805,-0.31734916739652724,0
0.969280695148909,1.5680050310433193,-0.03631593341592001,1.7015660700528568,2.3293970926867935,-0.8112988929381274,0.46128266748530333,0.8365763848262042,-0.9703839817512533,-0.002212669470562166,1
0.5149705848208053,0.16781324467578934,-0.26935210472675786,0.6764786687730411,3.2623577082357027,1.5426836840051352,0.46778769988970925,4.605668632162393,1.5814637234833284,-0.7963266453295174,0
0.17642676051430417,0.6034780416679837,0.4805186781082244,1.5383304390525525,-0.12786404185579414,0.1362679631480317,-3.025382292221875,0.4789190042572564,-0.9079457135226163,2.3210039960618047,0
2.438847119440359,1.290548225767958,-0.3630498636885798,2.209183966688679,0.8123855302485701,1.669454695286111,1.1858953733375177,1.3795223458456416,0.8651565501202622,-1.4329490836170877,0
0.026983658506905983,-0.06218005432057701,0.6086021639305891,0.16594586281231494,-2.0745797573398947,1.1115408327441003,-1.034784828086971,-1.7529680668695669,-0.237975813124896,-0.7000148350932873,1
0.9268829445309512,1.7754145751546893,-0.0713399985004032,0.8137861787342837,-1.7447174537440813,1.151122635298826,-1.756655310284959,-1.0537263859283574,0.3077352688284212,1.7197667929295155,1
-1.2071797729330154,0.723348218864005,0.9180314686799862,-0.7901701308584828,2.688753312474816,-1.608398342544744,2.6716870180338166,1.3392744153016913,1.6453818327071346,0.6870670696361196,1
-1.1674967422590103,0.6408883245136207,0.18663265651273872,0.9404670077214295,0.7586515972761533,1.441010161267012,-0.15495569616894156,-0.53271421750404,-0.23650637545752326,-0.9544230996419101,0
0.8163985262331348,0.2906214978498015,-0.7290364280265381,0.11919081300759192,-1.457606940436217,1.5139588515899944,-1.2732468039058142,1.932263331627071,0.19888795535568726,-0.44126280485567565,1
-1.5316291721719493,0.37477975219280407,1.50944905040265,-2.053717795619064,0.6941610380508876,-0.6752546694528245,-2.7909233144846457,-1.6233944999008094,0.2382548333723474,-1.564976371500097,0
1.1435038758510174,-0.6742902925848823,0.009140675822632775,-1.167651782116426,-0.1819326278626896,0.3364016642292075,-1.8591747145649518,-0.4940636711123061,2.5511742525026477,-1.9308529392530067,0
0.16063568660779692,-1.7256742533751028,-0.4008739562549743,-0.8155027018702209,3.250192022426332,1.7640681093034782,-1.1725819888570035,2.64352395343037,-1.974670894587108,0.6119926319144883,0
0.863896043515522,0.43346565005563986,-0.32489481464022496,0.16924540481896463,2.4611810017295066,-1.2891773153171942,0.3406233851552868,0.9396504326844408,-2.0055761729197408,-0.06656154854445688,1
0.0634918837059022,-1.1147232559550084,-0.11834162387382174,-1.3898647409015294,2.2138776124984476,0.5935492970877595,-0.1810089316277872,0.8303807552541094,-0.18720136910847632,0.6165953861145571,0
-0.16798034994178912,0.4313450998777634,-1.3854093918181294,2.098732354050425,1.083164862838152,-0.6228153225382734,0.9607817309402339,-0.4571063477821242,-0.2564025555322961,0.029268983904826695,1
-1.4424448946296524,-2.6993223494322995,0.6902559291228032,-0.08966392153963396,0.18600241905770154,1.8414287333661776,-0.4054582292949679,-1.4303141546639608,-1.178669236297522,-2.495707383782465,0
1.0888629111763677,0.6029641034412616,3.2401391486368074,-0.2169149904265378,0.25247179410203735,1.1086750659347713,-0.567721101172498,1.8350639270877402,0.7951868616415204,0.8952052350186248,0
2.9365333475234765,-0.022368861878339998,-0.3301696679409411,1.686596136022188,-0.6652559657331438,-0.7972896391377535,-0.6149967232821134,1.0572315256344058,-0.00896632576373965,-0.0810238367387997,1
0.7567530535788768,0.11965930451893353,-0.03923647369874391,0.41971082035867624,-0.2212317638161041,0.5749054154326694,-2.3362681387722692,-0.8533422403460444,-0.8374680161265329,-1.7547887421223871,0
2.2648757802500485,-1.3012526243920979,-0.12065294273978963,-0.0809249532818035,-0.8448514553344133,-1.6658712398622726,2.232805211904827,1.1146155184885522,-1.248270509868803,-0.3002647179188309,1
0.3532780037488982,-0.48984194200640596,0.08134888334676436,-1.5736295710417973,3.079843977559452,-1.4702380949680232,2.3816991589023973,0.8937003230454591,-0.09547264428609868,0.4768135950246047,1
2.2205588056589614,-1.6432010798565861,-1.3410614189638046,-0.296307402785102,0.19905273803807466,-1.6538367983837983,-1.440473262906686,-3.1855851373151354,-1.3069012289487179,-0.8874093628011421,1
-2.1825630132820657,-1.325498967995686,-0.15582105557381679,-0.22973533149785047,1.3652512501615126,-2.8886522956064526,4.183177961041252,-0.011293415085242842,0.7038809278242575,-0.06548753802161475,1
-1.2158643995226863,1.4158751492646091,0.2179711200386592,0.47274897347569583,1.5034819143618336,1.011337872742219,-1.7336538549292237,-1.683521125697516,-1.4070485309989456,-0.877450581169481,0
4.107443991437667,-0.4267063677307888,-1.7171766698622837,-1.0986549631220837,-3.389262535522695,2.0339584510465634,-0.5149209507491584,-3.3446498608804704,0.1343281002678751,-1.236662966685065,0
-1.1128902465716108,-0.5905041485967646,-0.5059029403923645,-0.25665453670229804,0.7972231088993801,1.4466733615494158,-0.49307223002737033,-0.8520899436790219,1.714554147761008,1.279083869442422,0
-0.9161773403895759,1.1057145758432931,-0.2502361656570745,1.1504870500333517,2.7379148293660807,-1.3727814137086156,0.5470069453014772,-0.3370120213068535,-0.31356411297056463,-0.31779021391231094,1
-0.1624927474166844,-0.9990062325598563,0.2560798786660208,-1.1488514099292881,2.2572905953372278,0.5149412599004592,-1.4508073089561948,2.438778749857573,-2.060443037409089,1.3686296220971284,0
0.7731078711819805,-0.17448450661702508,-0.4691296593240883,-2.3260637133891717,1.4274051578754055,-2.257702149999772,1.4867808230825048,-0.49361804083336414,1.0015304243744003,-0.40401143063479783,1
0.4260865818848748,-0.3771178736934479,-1.5833055896271162,-1.7959914814097162,0.4574895566559568,0.3520200279967711,-2.2345474823754037,0.5425454392940539,-1.475411401094023,-0.5104422067665509,0
0.8579877916847877,1.002269272618513,0.5221638703884174,1.1517714693868732,-0.6320006539774177,2.3292009293863103,-0.14292384516068668,0.250817183267551,-0.4140644328003226,-1.2394116470550913,1
1.1588588530390742,0.5925337195872442,0.39223067555456603,-0.7103324902148916,1.583726576981405,-0.6820460282510249,1.2196398033728522,0.7632345645455192,-0.11723958943602521,-1.651281423623733,1
-2.0835727249632474,-1.8901064726537538,0.024240242625477082,0.4550661535347574,1.7355464687822606,1.2227736224573953,-1.5117526031094646,-1.5963270493342288,1.1702608313680876,-1.096199523567522,0
-0.052931938487129404,-0.9556381846942431,0.0694916127196336,-0.06109732956768189,2.7687958768169816,3.6644697800874284,0.34134488158490517,-1.4948071499910491,-0.26041953315253874,0.34257183153145665,0
1.8336485784756185,-0.47007149958870037,1.1116221515087088,1.4883946776914283,0.2798300608191612,1.7549045974655417,-0.4025430620816357,0.6604944881547495,0.2046684378900604,0.35140666884228294,0
1.5087349757505026,0.13774389400313738,-0.9879178336410189,0.48117155757922697,-1.4016666711584735,3.224910885661332,-0.06974869182081034,-0.23434543824615517,0.8673533789188775,-1.032223382395876,1
-1.8090397394483513,-0.7116615385763058,1.4917821634240598,0.7818798426041219,0.7291646993346717,0.48521108447452777,-1.8115225460600448,-1.5678412513306514,-0.6970447013594224,-0.48268326364734954,0
3.1702174799917096,1.0994870253330813,-1.9076118069567995,-0.5793538328376587,-0.9518659697935254,2.149753736291262,0.6269651763411574,-0.5092911985027784,-0.18871159973983392,-0.5483991391083297,0
-1.0846031345890828,-0.2945776404999956,0.221567527608239,-0.798539514558761,2.5720805231471897,-0.06837240219610274,-1.772800934161396,-0.33890715136526395,-0.36246763975942536,0.45918016733486333,0
-1.769603636079336,0.6593409950691119,-0.6309993558939682,-0.6062859901292459,0.13022990732733652,-0.33939602885402165,-2.6517912232346754,-2.0544911235154677,0.852174181321905,0.7791875770008039,0
3.2731472234844077,-0.21873801295081943,-0.2312742653625762,-0.46644919190686945,0.023044911562306147,0.2580181681388162,-1.8613764661461096,-1.450538340170452,0.16363376366879356,-0.032481349941885077,1
1.0884840208086566,-0.22774373074316773,0.5218483720258803,0.834262757889537,-1.7538710210332162,-0.7455157439982047,-2.2917712339808514,-0.6028969200222147,-2.80381570335792,0.18657443856088918,1
3.0840367796693404,-0.28372750445327777,-0.40797147810125295,0.9088124113499689,1.0005368560027001,2.5619426496345867,1.67670619782474,1.132372076907315,0.5867973779847261,-1.334160759004991,0
-0.31454749837691165,-0.5089765283907034,0.5550896994415868,0.20335375840499775,-0.09393581080977809,2.317766007563935,-0.036032847739976726,-1.430374976499643,-2.7950870659419196,0.28063736678268697,0
1.977943844106814,-0.5506851265158396,-0.6945669453637701,0.4039767650554655,3.607797221017965,1.4194673650676708,0.5298042960636571,1.4699889587871033,-0.018356224193736944,-1.7515027038203508,0
4.118977057502468,-0.3684498753660277,0.9929571304529641,-0.21534868482827643,0.790373030332116,0.23880155281603055,0.08108827384981854,2.070870196650416,0.010636268348681152,-0.24969417246679382,1
1.435502456990125,-1.2325760546154823,0.88323257530898,-0.8462132852877351,3.0843503215214048,1.3290249749373173,2.0426901882290576,3.5160932363897133,-0.2031807366208805,0.4622624644542042,0
0.5193544907269603,1.6463683960749977,0.7033130614575919,0.24540406120581154,-0.011294483101240704,0.8906194096224259,-1.8444612782841086,1.2968317502778277,2.5416198467187923,-0.12232338213274517,0
1.067727356363867,0.5460731718082676,-1.6867577654495531,-0.9875027934694685,2.4748360836851115,-0.6791195565582213,-0.6946398577328172,1.6358585735140756,-0.4657028346590745,0.9139404693229914,0
0.19955039749662007,1.036157261138504,-2.1308379973558758,0.6196889216121123,3.619343976146881,0.8994051238369948,-0.832277732976749,2.7093463432598086,0.04109638193320572,1.1841810163672148,0
0.27481790528181727,-1.2869805642807612,-2.6407856355754045,0.708936451068717,-2.6009788144854005,0.060934891410993064,-1.4126480862881452,-0.7912286795668122,0.4478928585579239,-0.8331944025358734,1
-1.2983389971172614,-0.7489730972700454,-0.36912727307249366,-2.0918640945508673,0.9916326210451398,1.187478875199615,-1.2490175770229275,-1.4144132169088064,-0.5560969362288024,-0.2403008051482479,0
1.466723899916289,0.4833248272528027,0.7061285491093263,-0.6718674108838283,-0.11890252950691305,0.12640207504966983,0.5448164164326832,1.683482856866525,1.0611942762765827,1.1907461160252475,0
-2.3168244366737483,-1.2634031625456064,0.5751078209897706,-0.1319776420317892,-0.18888572943328685,2.1792112063561584,-0.43412588923425344,-1.8378307361215156,-0.9996488843142238,-0.5643880987057234,0
0.995411610876172,-0.011645548834153046,0.4464491988167305,0.9082221265959503,1.5266786631198301,-0.8780269511908115,-0.37929939598547113,0.1791631427310313,0.2401144977218622,-0.002305787370825462,1
0.997265884774769,-1.37388911758857,0.5287746783588859,0.5979310342286077,1.3772851668756072,1.2541949599855913,-0.781390238959356,1.0974017952436166,0.9672729750616863,-0.11687312836621294,0
-0.04131165379587065,1.1604018292673417,-1.1032507054703398,1.9256261274619442,2.249774227664698,-0.4232990762347648,-1.0198855183217712,0.7606750415890917,-2.3384282002430976,0.9142595447941229,0
-0.0784247712901035,-0.31997652935102444,-0.8729832613505268,-0.11759845265813158,0.3637773267563851,0.7272961308547299,-0.1644713583984445,0.2438474535991333,-0.06829514729013945,-0.21969602421644946,0
-0.5586015945828606,1.7670595744577013,1.3711410473420906,0.8895536310796278,-1.8653157459989675,3.014550466680726,-0.17148205060182298,-0.5976600722183667,-0.30348775949843565,-0.9257846592636215,1
-1.1070593615924236,1.9631579869922164,1.1002751801452397,-0.7143517832841195,-1.3668405387567517,3.4404868477751593,0.14149893295405214,-2.9995177719720907,0.332655071477108,1.5798669556055074,1
1.7548329256114537,-0.1560136594232553,1.973898578442583,-0.2152478580953917,-0.8002592191750313,0.26087300510709077,-2.6192350268351676,-0.618062885401986,1.2570848921053457,-0.375219230133898,1
2.6630436511523765,-1.4824141410588727,-0.43958027556224044,-0.5660145827367716,-2.3301330399526403,0.8061986335317128,-0.5678801003071783,-1.265577171653201,-0.3759357199135793,0.6412790194105756,0
-0.03230240279258689,0.5823769459527517,-2.9893930211632136,-0.05926802260034109,0.43947753347339935,-1.032250135782398,0.8421572947868663,2.025921662340065,0.5162649162799985,-1.0898435850204755,1
0.13568475415194825,1.5990545154786884,-1.9297802318050268,1.3186179262194737,1.9451884552312166,0.7994427786333415,-1.9672874692280176,1.3373885942478216,0.5631984034673122,-0.39719096651343244,0
1.108788428020296,-0.3768376794965605,0.3751690140584689,2.114414834308793,1.8745930043597365,1.406678907092885,-0.40846647227362154,1.8161222488892483,1.1131782933007082,0.5146715543882296,0
3.465895292943911,1.012224423453833,-1.2218070931634644,1.772606668314208,-1.4090672102611816,1.5379618401055755,1.221753311343568,-0.371020101446492,-1.681728535328834,1.0721967159384873,0
-0.08279502411022721,-0.7924154118329717,0.4699735403318847,0.334157621873155,2.637076847576192,1.5419476641095584,-0.8312269510736335,-0.7303110095249632,0.16450259004350581,1.3461197518982968,0
-0.8118488491353393,-0.9328631117935932,-0.7749165337272664,-0.5414316450742607,0.12332132683799957,-2.3227860402367684,4.224313182669015,0.8120251109019738,-0.18810287554505153,-0.9969069603303903,1
0.8401999844261983,1.1132723127393926,0.9952903995220314,-0.061229375201977056,-0.9340804046057865,-1.2040445032663343,0.9274162652426825,0.873062766213292,0.9391589131441817,-0.5782201666209199,1
3.592271335693762,-0.01727323804817288,-0.4639479694844082,-0.2714050601644967,-0.5825026174525463,-0.31715695055026305,-0.6133629057174774,1.3235225913765205,1.6739397972447685,1.2107012531475165,1
1.1711209063960242,0.5400241969892433,-0.8813146623227437,-0.6196364239164643,1.1983143898734359,-1.1004385833358925,3.3739087381853166,1.233295629880636,0.5675134612896133,3.276399345113,1
0.5985993802303466,-0.2521334110010799,0.16023036461340598,1.06518318012364,-2.1939769839026635,1.3750886068026222,-0.8708089754203532,-1.318835405329959,-0.131020101940283,-1.1151224325087035,1
-0.942601033444707,-1.6047549879109688,0.19774913553806917,1.2749773820208183,5.241803196764483,1.6412976314518954,-1.5358713789735958,3.686216082797946,-0.3488031548729745,-0.8291091806340453,0
3.378997846401259,0.12404180777202146,-0.02208631499157738,1.9888200537837943,1.788994149662157,0.016420620930669427,-3.4245623915103325,0.26565950953647366,1.8968891561650707,-0.7815044632739434,1
2.0531035457811804,0.0877150093177639,-0.15093661684399282,0.03649993182615992,1.8587455672698505,-0.8427632223603396,0.9492099031480212,0.2630740689129911,0.17538612453994687,-0.7731909684866285,1
-1.1675050454049676,0.44339795063605675,0.011936780181387968,0.8365201560389821,1.1710908005726641,-0.9967002654300559,2.7673553634009425,2.7998539448165642,0.10131028322125178,-0.3075567351812621,1
0.5082122333106931,-0.3492954682052211,-0.9059651413176992,-0.7538915285546915,-0.3036882140568393,0.7288756523157356,-2.58004570762776,0.1652066708645955,-0.8705543556461532,-0.7228852010761648,0
0.4414888641287563,-0.04248412254282049,-1.4895313533802972,-0.5893905948504429,0.8636095540266531,-1.8860852543014097,3.0626413023572034,-0.22710785165416203,-2.3576918940430893,-0.6478460484060938,1
3.956627550763971,1.222798635970556,0.43129981306371623,1.820871810123474,-0.8914916591258932,0.15441573329601654,-1.3621425349664222,1.6912609378419532,0.47255739938382246,0.539401988209408,1
1.804135595344785,-0.021401497909198104,-0.6239514162412679,0.6063239220082872,-1.7063391243521493,1.7154987085931999,-1.707848012279478,-0.32305388295182413,-0.017280136061296122,-1.7238502188100389,1
0.23238200379668028,0.6761049292948319,0.30267689342297366,0.5515930140405155,-1.8943378383835747,0.8440051601095524,-2.361491809084539,-1.1104057622416599,0.8268892198167086,-0.28860803000153085,1
4.461494221476954,-0.034665569737606684,0.22036754883800364,-1.2949773886349234,-0.22501297097983164,0.7401621154759128,-2.516648705324092,1.81550927081476,0.7288186376596363,0.5032602265255054,1
2.4862332624489625,-0.7013776052224556,-0.41145863079048745,0.9012697695616143,-0.8380798577719488,0.5526892649517703,-1.699829173485884,2.474081606059822,-1.0320056563323736,-0.5478214242432214,1
1.5078322198253788,-0.6995103144271798,0.29523703669352597,1.0663518911952374,-1.2124714171456559,1.855546840913096,-1.2419878859309228,-0.9314298215745009,-1.4170765579218223,1.4178319728870847,1
0.12807851869591746,-0.06093163514728437,0.49475011253520057,0.8251837245533683,1.8801912962497815,2.5552854364882,0.39682734875367154,-0.5718563182484365,0.9686818916312215,-1.6139911270961003,0
-4.661167604779565,1.4203798480283505,0.45209728845068775,0.1225607988278583,-2.99065290857388,-0.39928914387252745,-2.074258685643237,-2.5714853132205833,-0.822335471352724,-1.3236153984890395,0
1.5875844658345528,1.2722703777665494,-0.9004579779694477,0.7019377404766833,-0.26160946029522203,-1.4066181039128454,-1.3305031362435344,1.4194336237247849,-0.5792726172884418,-0.3608064938391779,1
-0.5861883743495331,-1.0373287137697196,1.5456737255866613,0.3807558457479327,-1.2024565824241007,0.2026398639004532,-2.5578327316989666,0.7975795118564992,1.1769793635484866,0.08727746895221603,1
-0.4761381774579194,-0.006048518639085177,-1.5460923203036725,-0.10899516071138146,2.3245963505498928,2.7898534011182408,-0.5886411367819857,-1.8615238566514885,-0.7711349672336278,-1.499867639262517,0
0.6948662663392269,-0.9792523330043671,-0.4405635339398941,0.2462818129724983,-0.9779583262016563,0.24013963974876018,-1.1221642873782351,-3.9015705156914886,-0.011179115477882038,-2.0360681984757933,1
0.6571030206295312,0.4857158413539969,0.9840414529044801,-0.2578293766360323,2.0761367429154154,-1.4625143024339926,0.5516778408525147,0.2218240362547801,1.6087138830488947,1.729289675723977,1
1.8181826191509902,0.5481263287272902,-0.137963098743159,0.4935160352028785,1.2206684546071869,-1.035452051044748,0.35056668553997405,1.6084825556279099,0.22776700140487174,-0.2330969210371493,1
0.9804259536011648,1.2243816701175614,1.3573404667461746,0.2769945204271254,2.054838756470168,1.5858564391681496,-0.01257948870246628,3.009857474788436,1.1208484436478086,0.8227173745004389,0
1.7922618672248571,-1.8688030582824706,-0.05936745123140444,-0.35127203711064553,1.8002889441511019,1.990444710086785,0.8355133060016409,2.5826734462362206,0.41547515150624903,1.3091366419632775,0
1.1762704805379514,-1.1726948896596399,1.1125641020748327,1.487379807016452,-1.5438235277948693,2.606369896625356,-2.0447031585426894,2.259127103960655,-0.3119864840703217,0.7516239610463575,1
1.07360513144691,-0.26837129395896864,-2.472445658094348,-0.8379335823697159,-1.754368505011691,0.04896295398630157,-1.1788560299090698,1.1423170759907175,0.35662961610160226,0.7814674142474503,1
1.6438402100080136,1.3498244592045914,-1.6607244951100175,0.16761698552937818,-1.0896912690953482,1.489433264963779,-1.3239458735789928,-1.9647151531146676,2.4616950171848235,0.8579485996243433,1
-0.9529779619668923,-1.4566814413240818,-0.1707466394983074,0.7779723634666434,2.8350118929550137,0.836588183575639,-3.6144504956318917,1.9164841997088389,-0.4215940625576031,-2.406238151009897,0
0.26175690425446374,-0.7650623329109258,0.461230493586657,-0.7490792166512826,1.0522590339453988,0.4294077986802055,-2.747271643178631,0.16621933085916474,1.1694082321564618,0.2888649470196864,0
0.7773872511810977,0.5886354597962726,-0.7144960913030979,-1.02373085374717,1.0013485334758108,0.8379514242934726,-0.6226196600552966,1.7373803185408268,0.7283452130695429,0.15334476760211485,0
3.2748245722582885,2.091576369778548,-2.4978471195672807,-0.5334317466174908,-0.1605085633369998,2.4588772541465524,0.8602859598860686,-0.30919121203237654,-0.0353900781738251,0.31299630453482846,0
-0.3029427939653758,0.14980630694108532,-0.34481513066729513,-0.7790524043066904,1.7288088161297606,0.9298051830594034,-0.8560130287748368,-0.47379352543279074,0.5488278614010552,0.8648492232989141,0
0.4098161741515025,-0.20475655908015436,0.3579276999848825,0.33782591593198846,-2.455492473527756,0.14864087206238463,-2.198438855841678,-0.8747010208598163,-0.028580751611073024,-0.30559226751441604,1
-2.3246946181432175,-0.2697397245750924,1.2237240425047213,-1.7355176103597263,-0.4151199315081733,-0.19404169714590713,-1.4520343734682462,-0.8923254026906451,-0.7307167800986489,-0.7022495423631435,0
0.9201881669531308,-2.2422216587440293,-0.26586658568729793,-0.967865426885087,-1.5185075226421243,1.621534380524864,-1.5497306230219474,-1.9275461212834144,0.8325047813737684,-0.0886676094941289,1
0.8945533164425834,0.5428733481036709,0.581873956823205,1.3333873002204246,2.425422106417469,1.560386981133954,0.0018850548839044468,2.93207015768872,0.07486130625002908,-0.319490070572669,0
-1.257074200667946,1.0988140706772018,-1.6566049184843923,1.220782917368932,-1.4408952903251309,1.0810992451222208,-0.6208246622030098,-0.48936105468934943,0.4888547009129279,1.864270367885672,1
-0.27379798117254395,-2.0306425707261035,-0.014319442715773,-0.34051204471117696,0.27662157536796206,-0.36678290705102623,-1.2089219519885774,-0.04543900749676488,0.011925980771476226,-0.4175080735150316,0
-0.7664278502093012,-0.17175804735996186,0.04376152843993516,1.3775475229465746,-0.9411941176212553,-1.35532819056482,-1.8027722780093707,-0.16381784341180639,0.5946985299808122,-1.0266937580742832,1
0.3879260228515149,0.13178915821133652,0.1728423106163546,-1.1321228304276592,-2.0079011301238143,4.006825777341057,-0.6182384004067895,-1.6204721640678827,0.14941248492088846,0.46601823001338427,1
1.3511168398978828,0.723972744069368,-0.23116277536767244,-1.1354184552028659,0.4214805341332557,-0.3996332149539299,0.04978420553700946,-1.0327015491079823,0.8989032098691095,0.8136361486422357,1
-1.6143352562339766,0.01361561438082699,-0.3089937683704872,-0.7545313540145426,-0.8231524419947969,2.35834867003494,-0.1306647479787234,-1.8065001024340073,0.16183947304260143,-0.867445996680596,0
-1.8439378985324093,1.1982760366446361,1.4844590928257,-0.615352766761434,-1.6569646825746829,0.9932394716219273,-0.5360324782223401,-1.26985267778009,-0.01786658140108544,-1.3147734507194535,0
0.47985085514856496,-0.8753603610847972,0.9646017573036937,0.19300819033204694,1.1432900694727812,0.37424442955982506,-2.0563570354434013,0.7045043476216724,-0.45649729846836173,-0.724768458245474,0
3.7252882545963963,-1.7151199546946958,-0.23676055803754095,0.9839235372444523,-0.4162964215257221,-0.11308100846240876,-1.1548612511924765,1.644886664619952,0.6301795923651135,0.6717424821918727,1
1.1664791896486242,-0.03517808877043451,0.06914981613654678,-0.26950808672585086,-0.2270414681135713,2.96549324028849,0.7647374681982144,0.2751292342963516,-0.1707758322020781,0.1701120016542962,1
2.919984862567293,0.8704491697413075,1.4590223482918887,1.4189180719126842,0.6935104705873758,-0.7166471415697239,1.8100449541673735,4.031797953591704,2.085410622092149,1.3404064201142178,1
0.5596382120584604,1.9011207312676073,-1.9640321579709097,-0.5996636543589989,2.7259170162525184,1.7970891185621722,-1.3220317763870515,1.773801115918713,1.573599639232585,-1.7328736516456296,0
-0.5991753618737072,-0.9315217286172649,-0.10489963779012249,1.1056008152536936,1.6796897925798735,0.18176375372377707,-1.2269520952090804,-0.214430011720656,-0.76367463600217,1.0522019076744333,0
-0.7799261328162919,1.0719653675991272,-1.8387767179789956,0.8042562729474444,2.9698550243099726,0.7416682771813654,-2.2178252161412537,3.265436095683132,-0.7180388134051491,-0.8147181812341315,0
1.5835223119368769,-0.22178520107839217,0.5407775189589796,-0.10254177150997427,-1.1962027874894914,3.4722849292973534,0.0180369594364429,-3.41875999355197,1.7691980788774428,2.036872171795816,1
1.914748051410606,-0.933753736140097,-0.5251585306982606,-0.1402830333573683,1.3317893162664773,0.3638538781648206,-1.693740252468643,1.1599263086195308,-0.7249040318247932,1.2502869129412333,1
0.20335951728870727,-2.493470513485736,0.0813760320181998,1.4584327034267779,-2.1456847168948565,3.223539189002278,-0.21775138453577358,-1.0926519771006657,-0.03841580930193807,-1.1814784087351164,1
-0.5367533803543463,-1.4061161810597387,2.4183912202545006,0.21762810012285053,-2.7554816855430513,3.462010822183149,0.19864051090491475,-5.185669473453512,-1.6919612196875748,1.9806510466956204,1
0.8644417054073248,-2.062178104748147,-0.36445413494894163,1.3620649569274774,3.392654202087846,1.5596982652545708,-1.2917766566243083,-0.9777134182212055,-1.5462779189814124,2.201390712287935,0
-1.0614587887543014,0.4720114314628812,0.24955643030755706,-0.8859287054649382,-0.25190634126110867,0.8833308112141813,-0.8390690324910122,-1.0445064938425996,3.1496480111345417,-1.157568057768597,0
1.0715821512286676,0.8628761738997408,1.8920117699896957,-0.06937836694032916,2.208735135395017,-0.5600354945765469,-1.3683170710292503,-0.48764846328869216,-1.3886220145349841,-0.022468976674567223,1
1.9459791735870087,0.8927843782269886,-1.434816511346655,1.4442600468203788,4.273995353981023,2.251516520900766,-1.1959728525546949,-1.1696388014973038,1.7664572465375616,-0.6672053844763253,0
1.0367142998836147,0.1413051241048105,0.5345436134561904,-0.3413098462098483,2.2193834851996863,1.4793133924015334,-0.07412717529028179,3.398634358197825,-0.8344287335176476,0.6625625498799194,0
-0.13262543047569553,-1.2855045230279023,-1.250025532784049,-0.892941968129662,1.8622539695088267,-1.4192268945769038,-0.10078031068287685,0.4288004478060863,-1.3025774789535371,0.37171923869004314,1
1.0659748636554465,0.4303448381710576,-0.580775133685619,0.25014444773255406,0.047219508186401526,-0.7133349224638976,-1.4629118518998496,-0.059357466592036,0.9939277907946352,0.13568545345691707,1
3.440339004717403,1.6933256357403823,-0.7875678697260957,0.9527596891941905,-1.1062936572352036,-0.4264948104697158,0.44285181518268935,3.324635353857662,0.030675176070709104,-0.8717747409692631,1
1.4602469400912967,-1.118060427981828,1.312084416107226,-0.5877659049711595,1.0612971838454526,-1.2682377560256073,0.9801349723048663,0.16947375606024495,1.1635258596263263,0.936102435196951,1
-1.0538904157751428,0.9092339421829703,1.464704483741246,0.8667746651846128,-1.6164136468076316,2.7091464668412164,0.269895841911284,0.7029560905974002,-1.011941946514925,1.3478575872624903,1
-0.4350776023980496,-0.6013548170709753,-0.4807765615046036,1.5675522201049312,-1.8959978362551517,-0.7593627059340637,-0.9344191053973725,-1.3229759625120299,1.1685846151954142,1.1999802179479444,1
0.770464019458624,-1.0676417633325754,0.13197000194557526,-0.4598978426552452,-1.0175380921209798,0.6579071339160147,-0.3873977564593769,-1.3529430148983055,-0.9777822446797456,-0.8537208192156075,1
-0.3055316824476302,-0.973415358504453,-0.7122019585853434,0.9397074919455912,-0.8716566954909415,-0.6074092114806895,-1.2579911906727639,-2.6634505371175825,0.24438312719718072,0.41114353331964326,1
-0.17647441624581273,0.4079971272497635,1.1683646329483,-0.22946979131971185,3.2095584335142777,-2.350810088208005,2.527441672825608,0.8123998121845231,0.5945261269679613,0.4008231637352854,1
1.255988278539122,-1.7802101698159276,-0.4453477949965509,-0.29333986463873724,-0.8546195041500466,-0.7115983604167342,-1.1769684145731862,-3.140961174132767,1.6427259073979663,0.5317973984806225,1
-2.343460098075867,0.6518648526930954,0.8873823641411338,-1.1314056101350374,0.36031407778849023,1.565136346120539,-0.7540595910768,-1.6181337839521577,-0.19544187379288433,1.0142548571152574,0
0.14471199842009674,0.7599369819598278,-1.6680151436677062,-2.4352655719912657,-0.7182188835999384,1.4857217036255372,0.8260902188998662,-2.4555848194659418,0.7631000245479146,-0.6581766876096433,1
1.934905884393594,-0.14593743611330154,1.1595962893754976,-2.8323183184692535,0.8520490842257651,1.6359048253064152,0.24473950370944353,0.29308557147527114,1.3276154516053054,-2.139114124430851,0
1.288729160505888,0.08823575388594865,-1.2637690772205423,1.022512793696016,-0.7773123761905303,0.2747757546398686,-1.0767773763865292,0.6855131657070057,0.9739051199932285,-1.3705590420670095,0
3.3862371326586445,0.5570979585709954,-0.40207625943985037,2.0620511530068595,-0.810557576342693,1.9059771257461526,-2.094522182242727,-1.271841924705207,-1.0915291090361594,0.36462635394205084,1
1.9027706171455212,-0.776536344541371,-0.2300253079140055,-1.0482511637190517,-0.5550490097748433,0.5352566566750554,-0.4445253784594968,0.260595900317373,-0.03255022308771416,0.9701010940126534,0
1.4184277472338263,-0.4214865358515187,0.4919090174272401,-0.3727422440286893,-0.6099147412087542,-0.3003987048244866,0.6461139772437351,2.4355631754252824,-3.2160571992571363,-1.0730552296239266,1
-1.4776934183938362,0.5945838047755574,0.337087292733681,1.5313268023142323,0.17331184370826513,-0.7395240311375748,-1.8557337221834904,-0.6529585058279691,0.9097833451011628,-1.3344540811529162,0
2.88397710570076,-0.291489421253352,0.9679455131409394,-1.635579026816248,-0.19481861885758978,2.0783573896667153,1.363670682136199,1.0983494754774865,-0.5528959336937127,-0.11079147568777581,0
2.2895954267254055,-0.6503156798620929,-0.32516273242162486,-1.6566925195595903,0.8554749228818946,2.081496807374506,-0.17787010327834574,0.6305945364205184,0.6103736997252851,-0.9371170452387332,0
-1.2010665994408183,0.28020554105019435,0.5225100702105114,-1.2457424502336703,1.1574258231919106,-0.31815233447999014,-3.356626289099903,1.387248863103885,0.11544263616427654,3.089889607686385,0
3.80891904909578,-1.6258920273744961,-0.20762525670109364,2.0051963402354454,0.5676651789918636,-0.2435026290194071,-2.928193174704786,2.3319054327444024,-0.03113553831527568,0.2781254895361048,1
0.5267467908919592,-0.6446759511634914,0.5417376476161898,-0.3832148369586158,2.267991743088759,1.2730848525771432,-1.9500844224059257,1.3076754794886836,0.33121927873852836,-0.21964501553375435,0
3.608380748116966,0.0403304008891439,0.7471412320266032,1.0100690205936125,-0.21001424988508044,2.7933099830206047,-1.5114708331592572,0.4723104332949464,-1.781424899551631,0.22877338002468198,1
0.12080214713386805,0.3348944417522922,-0.7498482103826004,0.21757953634296223,0.35861598387382987,0.1123376057472042,-2.9477301112133985,0.05518364982944368,-0.8959958531697858,-0.9269943866745629,0
0.5372817276770705,0.07008847520856673,0.09130117105966842,0.5800728940775537,0.871439608625775,-0.9585157955564776,0.6707549821435927,0.9666178090486458,-0.5622056962202638,1.3363818034531878,1
-0.5353675773757711,-0.026839568317151834,-0.00704090853069996,0.09947095810915063,0.0844468365506803,0.3036465324218224,-0.6855486519700531,-0.18943574336504898,1.3616072363167513,-1.3280208591242249,0
1.7271004137750894,0.6372914550139895,-0.4673860752954615,0.20838231251962103,1.5631542094649562,-0.4135009186528287,-0.49505406198404245,1.3085304134603704,1.1541362365280234,-2.263146790755144,1
-3.290090701952197,2.0102683798365533,1.5365341563181696,-0.7518775255875075,-1.4110714899752006,0.8428024559392333,-0.754055743562692,-1.4658620810309309,-1.635678969000222,-0.2726604402249168,0
0.9881387371673684,-0.6199556973136181,0.259133655084339,-1.7612425786366435,0.4972234340387526,-0.8377467283911968,1.270374138184734,0.7107551001446129,-0.5856218351657279,-0.48466725873343997,1
1.5899687165278076,1.0014029102300654,-0.6959364024507146,1.0043379436417033,0.036274488808955674,0.5922761920384081,-0.7342980855106448,-2.48252679982581,-0.4573570689642907,1.9923656638459448,1
0.6370162087766952,1.5721554799027153,-0.3808130321457192,1.100663944921611,0.8050664572117224,0.7903744476996806,-0.9699745092775801,1.0982192714487546,1.0224482728559243,1.1903520289564116,0
1.4447193099366096,0.37140403442303066,0.6589541347810364,0.5624237301311782,0.09367978038684344,1.8561362644578483,-2.2697653694073097,-0.18768693927547586,0.4953798153284869,-0.4463320787671849,0
-1.186733976691189,1.0890990028474443,0.3714606883175098,-1.7060630805981012,1.7851922483703793,0.859118785440932,-0.7998708749852959,-0.41865572285719377,-1.6837056253659834,-0.8807601911147211,0
0.8051611140578344,0.292951833518835,-1.1647993973691224,-0.37827654457740845,0.6596866827373505,0.6080921578734866,-1.1768881162492966,1.0903889848788983,-1.2015881881405177,0.14001448687561519,0
0.622860558100055,0.03438182225793511,-0.314414783366775,0.1350531658122264,1.907637428445717,-0.4697907109425894,-0.18802193020799973,1.206239656102443,-0.11676399778157646,-1.5955672462222275,1
1.2158454158856162,0.6330367262505261,-0.2759154704361769,-2.2418963547748287,1.4670879683456017,-0.8384805845399699,2.9469759568021816,0.8966617265856465,0.06926988117587513,-1.7055515908996055,1
-0.762124389529296,0.24100025339724565,1.0699134354109718,0.6846612305437452,1.4313982855374805,-1.4982058225166295,2.100643021234549,1.4408852486201114,0.04056454809536032,0.7302838193069643,1
-0.08648905915468408,0.5665119294411894,0.3992694076141758,1.8103026100041621,-1.275947984416005,-0.2361346752161102,-1.0320859315655972,-0.5441310536181097,0.0907909029671071,-0.5974382974725463,0
0.9914756449677796,-2.6191522050533393,0.41298056552504697,0.38547307045695217,2.1021763636537405,1.198034547165307,-0.5537644087910023,1.6072726679591254,-1.2905227272912905,-0.2929546157635447,0
1.7399896193979183,-0.576601776742971,0.05658018930545408,0.5086578042798411,-0.4403698072796265,0.4787422364002658,-0.25405637646456514,0.4730153168196166,-0.7379585563250161,-1.120812106888977,0
0.27612171201530433,0.3182655375602048,-0.028849720134268272,0.18549100031849017,3.2587691859755474,0.8474390771751712,-0.5066742721969006,0.5967046855427622,1.0955860002743094,1.3301593553547282,0
-1.949243397530783,-0.5968291881157131,-1.5117871459689358,1.4808862906533322,3.336127303437656,-1.819094582992716,3.0937617305818184,1.0773249133428218,-1.107852819556511,0.5349706723637695,1
0.7126525156569067,-1.0404099418717416,-0.3267973428992907,0.9026602893824857,2.015215101145462,-1.2798293708168285,0.5170327505834704,-0.5605026477921244,-0.5197747896300302,-1.634693518754396,1
1.9129467395085642,1.4123806710927012,-1.0639936165655535,0.5920368258199804,-0.5692098852573002,-0.2847127663414444,-0.4238050840944283,1.3485290878847063,0.0635400505023367,1.6610939118967147,1
1.3400968531478545,-1.5642049013469685,-0.5393857270815005,-1.4730198305152638,-1.1690358763614113,0.17892543708520225,-0.9283078629942163,-2.6021432130937017,-0.18714880464091355,-0.7315402947263614,1
-1.8683058955212917,-1.263880829074111,0.7840560382503569,-0.9824881228992798,0.9330133558805641,0.1207748890617536,-1.9339342863803153,-1.2292843878315496,0.9680250758705841,0.3708302093362092,0
0.21884372075915537,-1.7043667082962657,-0.5478152367265949,-1.64023586666347,1.7961292827209063,-1.6045114764550363,1.4710802953959954,0.1771282363766955,-2.0739060049716462,0.26252801232332496,1
0.5243507508157104,-0.5507252822722143,2.46075292870838,-0.35494826674065827,-0.7478408792430357,0.969324251581772,-1.8664479628837927,-0.40104858720991365,0.12434358488113018,-0.3102420581859267,1
1.0330530109797265,-1.0979885674197973,-0.6748784964301175,-1.989815518799147,3.098105017728495,2.266123761382047,-0.8612743686473309,1.2639131645607913,-2.563953967979889,-0.18373327476680484,0
0.5733799498645167,-1.0642447119332241,-1.1187661628138466,0.7916542060935255,0.7354221004108029,0.9335479325780174,-2.014225309233413,0.006284410768800264,-0.8527621652336447,1.7670244943958617,0
-0.12308684339306009,-1.5347873290951395,-0.7618756289717585,0.45325450128577094,0.8215477115463806,-0.495851227168022,-2.262374051694654,0.4457921873039088,-0.4531829756295582,0.3854697750335259,0
0.4779442805013202,0.047034364008503374,-0.6520220031352797,0.1206546471908864,-0.9837481392865643,1.5103227925735139,0.22653732953974015,0.8060674176606353,0.24174080853257543,-0.05894653351895392,1
-0.6115654017718712,-0.9545956492889311,1.7848823990323515,0.23846514032379457,1.5743770954286536,-1.1676373919086172,1.0091755583888673,1.665085962271295,0.6109643442466431,-1.6227484053225147,1
1.6501530668144493,-0.1376278822574411,-0.19651291442616903,-2.138988893613738,-0.8760804925318658,0.1191572326084307,-1.6104709775700061,-0.6921645825876122,0.254406878746652,0.7231929760287334,1
0.01809239271195373,-1.13156260654633,-0.13926870666758576,0.6572011012960537,2.508500680169577,-0.7501705262431949,-1.7181805748472558,0.07181089518501427,-0.5641148006115946,1.5125307023025507,1
2.003976629652528,1.1127725178150552,-0.04638048590207275,-0.23110265066915348,-0.8985666335361742,2.830215068180987,-1.8634378031728303,-1.0972717091560842,-0.7420840949227768,-0.49774362542283473,1
1.5174518231777092,-0.9250306472386158,-0.20449965876983628,0.16928802365601284,-0.16558707628611447,2.386090747783779,-0.2705341092927952,-2.0780445871486153,-0.4648087802060128,1.4130608435040422,1
3.0773168545163623,-0.22802802978487915,-0.8019092044499575,-0.6217693528332011,-2.763275301841135,1.2328031215836908,-0.5163583326946022,-2.2494130277639073,1.4388263794542226,-2.4549735412739464,0
2.5791220892152324,-0.08508516565102109,-0.08134772703574868,1.1653523825521162,3.921549554231105,0.9152079888026828,0.027660941815881523,1.5676880756837739,-0.6994608735492777,1.0954494845089495,0
-0.719167249340851,0.6212544539551925,0.005685698039677293,-0.7633491867151124,2.473566492411683,-0.746522800500725,1.1021756146668158,-0.10340752022921285,0.9742622630864519,0.8501865538483758,1
-0.3658978164007012,1.2713334395850988,1.861373071318222,-0.6485571232886512,-0.7685235730375409,-0.38900927996308754,-1.211440694723376,-1.7381582042775432,0.11545346562286796,0.27587400637514864,1
-0.625038652044503,0.3991887168814596,0.6201240509569362,-1.541288660901958,-2.406644088219209,2.568234394101368,-0.03569443366598579,-1.3623341506138387,-0.022409448398201484,-1.5888799198050498,1
-0.969925057439579,-1.2809407999993476,1.9972805022846487,0.1995073264388884,1.1723350400269055,-1.513176412480151,1.5253813772038982,-0.588226586017295,-1.0270155882282783,-0.9822732534781534,1
-0.020913828196494455,0.597303366831519,-0.25965240829469444,-0.31372872305984767,2.103638780939934,2.0784877016809937,-0.5677736974873537,-1.0866851236365853,-0.6385020242772084,2.0976951890053264,0
-0.017217566486744662,0.35953594351786894,0.7933493236860584,-1.314170759104837,2.5338976617248727,1.051310981487338,-1.1487433700816814,2.5604758494394817,-2.604346935214705,0.41857288599115444,0
-3.5656041037031456,-1.001621865490398,0.6810395960445219,1.8840011375698578,-1.6106204708889562,1.0821912630153103,-0.5790020198238419,-1.551846799247578,0.08695970203716943,0.8261098366938703,0
1.611387806973639,0.5820033544286162,0.366727752185813,0.08472993850013799,-2.269206017170391,2.1030554254622897,-1.5238650206258475,-1.2053985868534234,0.19844152853085534,1.3652861358913664,1
1.1797322877268823,0.5240414373702086,0.2169443275957465,-1.470470693704303,0.293489528762358,-1.2222438202008452,-1.3618803996954227,-1.021757853680244,-0.937869603161639,0.6547912616681332,1
-1.3807873573536953,1.0197765271882882,1.04384544217267,1.2844370527773838,3.0698994183386015,0.09673477667077446,-3.526772419322314,1.073504406365598,-2.3686912068521586,-0.021345302172413684,0
2.360783475832648,0.2965513214313054,0.26047174907088094,-1.83356421398709,0.5683881336673935,-1.0760488926713234,2.615315270327037,0.6429346142433855,-1.2909432503252167,-0.8789470032478534,1
1.2426198255293701,-2.0346816726946724,-0.6039798866072239,0.9311159083909344,1.7620986337737183,0.3563889975102228,-0.8508981319464344,2.3591856177366344,-0.3626028336796952,-1.101483756976957,1
0.8347839991945297,1.2123681179019035,0.2331795237948585,0.4531636040605758,0.9442826654137659,1.451319677457698,-2.061472995276368,0.6623357520066988,0.09427929361427935,1.013445759883764,0
-2.9901672163551263,0.8144667327485066,-0.4002812712029349,1.6604268534933473,-0.7717541181384802,0.4720607306567639,-1.246604010405867,-1.337484298230089,-0.9275101847098595,-1.835536811025906,0
0.8120505936153697,-0.3252989243235641,0.6868752232028936,-1.4435570341837254,2.7604817071896095,0.9989321603780316,-0.9802753384105776,1.0948767374771964,1.619813234242322,0.4861685979665005,0
0.46440381919215823,0.9585319612986151,0.3174182735037913,-0.6406322301359623,2.2671170989084555,-0.8047006924552893,-1.6906809059121521,0.34343391369381115,-0.044005544941825944,-1.2435850778072015,0
1.1362995050826652,0.40607916662993754,-0.8803161750079682,1.3607863554791413,-0.5225364199120225,0.20697352656074064,-1.4885874973573863,-2.5274409584956503,-0.5868497335487376,-1.1728177872665615,1
-0.9104535051684737,0.3285698496773193,-2.33817245369327,-0.12452242443886458,4.136188578231767,0.6234141905216661,-1.0588667664572136,3.665126632910486,0.2921972948833408,-1.2910395748499208,0
0.3231191923740151,0.426046487244996,1.811496881871767,-0.9517444732917201,1.331544283796592,-1.2471183103233803,2.424827055560355,1.6249718100759818,-0.16683791140476076,0.7186526282557465,1
0.15758136401611544,0.619096478051551,1.783270810395837,-1.5273189874177815,0.6947299827652161,-1.8790173450558663,3.903878800263982,1.542763191749958,0.08978496441913161,2.2725364418996903,1
-1.7626636571437588,-1.721682574926956,-1.6278978465820517,0.4615180463781131,0.09443537059974694,-1.3339381887078243,3.6631537512796557,1.0666170494777925,0.7983864721014345,1.060288640887317,1
0.8690639843535624,1.1603481809669742,-0.3398450418443653,0.5017911677776411,1.259747633026364,0.9131815379584405,-1.4180071330554642,0.6815178699341004,0.31978999455603274,-0.8844928186606991,0
-1.7948271716526785,-2.2775626068490844,-1.5120063120615763,0.8269434604651958,1.4341415679814344,-1.8999221983386045,1.9461066286264341,0.8373958828221445,-0.12369318951178283,0.0225129743977275,1
2.340897091985459,0.5143771366138569,-1.8550786634867398,-0.5717769086093875,0.5563650915705081,-0.7954821983323379,-1.117583600698269,-0.6050663092490577,-1.8132980723663006,-0.7506809870516554,1
1.2820620293679463,1.6056113832418772,0.598155247464706,0.8332786171034329,-1.1650435925224782,1.6966317999957496,-1.5006709001760998,-0.3602254165391928,1.096117935409184,0.9583919516171138,1
-1.50097300072362,-1.4157710130558239,-0.06362640381960291,-0.6887241565242733,1.1876545416371354,2.0536209336292806,-1.220021369002549,-2.3048317769027777,1.3010156626547096,-1.362194891382653,0
-2.8639382549042818,1.544984795382366,-2.8529435035996533,1.0475136370876286,1.6010086894832019,-1.8582914883450465,3.333676427643586,-0.5735209740244387,0.517230050277387,-0.30867740967478285,1
2.570354442858735,-0.5934206101779232,0.15434423264234098,0.7700224871307078,-0.24569947292216776,-1.0516611439614054,0.36017757003689743,1.845072882493299,-0.4297759261530207,0.09674391293904691,1
-0.24740704906252486,1.815577481595072,-0.25103712985722254,0.4803243748750477,-0.6287022542969727,2.2335775222307523,0.736345824038934,0.5014255657368938,-0.2959717932122608,0.23086441012808764,1
1.7674236279853939,-0.013332847036461887,2.0905299019716126,-1.5836079344201974,1.635205149230528,1.2011659795358256,1.3394193378463108,2.59890684035246,-0.3427065536132635,0.8222321820393413,0
-1.4275299417148402,-0.5173629891422328,-0.3822522475718751,-2.0492057703238418,0.8650749771843453,-1.7929103956959758,3.1396637023475775,0.3757213462149327,1.3903331835321713,-0.032990302827250004,1
0.04784099207160608,-0.6342131936855273,0.8781824149703045,-0.6744143144101269,0.8766357124903854,0.13323574472265087,-1.8098485332491832,1.5667514390216626,-1.0460790158532527,-0.7703260652176507,0
-1.2657842787826405,-1.251606656972313,-1.6051514301799923,-1.018936670392648,2.3802237792583814,-1.5824143253861003,1.773886192770606,-0.8624781250675815,1.5979058601964082,-0.825800250087814,1
0.7429717737819725,-1.2826294319269402,-0.5375769410007442,-1.5474221283691512,0.5716830145244995,0.9622142291715411,-2.0445952029216823,0.09663674802026967,0.717079036996164,1.1230392976314654,0
-0.21828145831406232,0.5480711580492612,0.24988755816383004,0.4806812642203949,0.9795181636652314,1.378577055529724,0.07630069755132896,-0.05027413713313411,0.1293676710108124,-0.29086517019067476,0
0.9185601177244034,-0.047270379229430746,0.3714010859322353,1.4270089026990616,-0.6864345478183573,2.154242752718922,-1.2552971187092634,0.878409907798374,-1.1473064837490117,0.16942808390894876,1
1.1543069341704102,1.1764904376350318,0.8752900534165288,0.6117870490026632,0.5262764408614753,-0.6085145844753888,-0.5733566453161958,0.2002594631182677,-0.7717096870583702,1.3420227509932474,1
-0.3900079429766026,-0.8081886582481381,-0.25615844322144626,0.3202547812881538,0.22200658794610684,0.1107493983670389,-1.4757463720549808,-1.0159760604173116,-0.24884771899102934,1.2753734072632077,0
1.1377139506434142,0.3817178508400354,-1.5686126744824473,-0.987579995165302,-1.2509599718167883,0.11395219678573842,-1.7258519414791123,2.5637313664670867,-0.1619381465632616,-1.0644655390996216,1
0.009729658896811877,-0.2850308482748619,-0.21768565950112867,0.3198097102399178,4.512251968924117,1.5856703011584823,-0.2538572776545268,3.2594943818844815,0.6420255015353197,0.38427883498595106,0
1.8578602017567722,1.4586575229376622,-0.9160337447075975,0.824670393319513,-0.8317295965786193,1.7927237668845488,-1.8389256111718848,1.8090698650592079,0.10801212243899834,-0.6036872717969973,1
-0.13628455686589858,-1.6516095967182838,0.09636924005999573,-1.2681436516314983,0.7326806708876901,0.20422520479792083,-2.9515925208446965,0.16353616437004592,-0.44719939306998346,-1.015628254718246,0
1.2197544539928735,-0.036376623659504295,0.21861148653470555,1.0730209948036222,4.619434659439329,1.6487895036002458,-1.1113634968249435,-0.432986939310151,-1.9094710179012568,-0.8235226168569771,0
0.7963358871997435,-1.339752253686006,0.6757518815092038,0.3376125925551852,4.185036094715285,1.7619240263519984,-1.0919842155854127,-0.6163388420055818,-1.2959800206477685,-1.6215100915888327,0
-1.382655362138696,-1.321115666827012,-0.15404003002697222,0.8910705409104919,-0.5276628742154721,-1.0484777914747188,-1.171663559039753,0.34288638153086737,0.2506316743414634,-0.7873259126880789,0
2.025960298951574,-1.2120566517265619,0.5825450545031773,2.0548546198131667,1.1247799778627432,1.462913094566622,0.5140887473149764,1.2813268221039862,2.1597392606609995,1.5798297187236194,0
-2.07579634175021,-0.8605072511002159,0.24668877033605638,-1.144146477027523,-0.644386672453181,1.0466669754004565,-1.1757370664171787,-1.929980674872489,-0.8878557074772063,1.299176580869636,0
-0.12259754084426788,-0.14819354138251523,1.182594359069889,-1.80817792253016,2.689608825485725,-1.478793670192821,1.0352912953984807,0.4491521497498757,-0.3677023262177871,-1.97929830303683,1
-1.7124934183369112,-0.7786738512970465,-0.4209009385749402,1.265155500436636,0.662159741247366,0.03459099219020423,-2.2150775543965446,-1.545223922480099,1.852697094852882,-1.5604195304769135,0
-0.8465289861445227,0.122732161638273,-0.46674581057504627,0.4510882125055664,4.022248545834543,0.9939367258257711,-1.9784532120456544,2.8567940046220768,-0.14894729489972075,-1.084243753611709,0
0.4495995636796907,-0.8244853056535114,0.23286061196457572,0.4106745854198008,1.302969333255981,-1.7583052112706168,2.789408283414257,-0.24762366004137082,-0.746927693372195,-1.1351045212157118,1
1.1944461461431026,0.5223386304721858,1.9290914012185698,-0.7834497409003949,-1.6224168280265805,-0.18824238871856425,-1.1814309931889104,1.2068559456234582,-0.9717336207717223,0.5727913622096251,1
0.9124639020497194,-1.8033172536887192,1.2802152727174614,0.8515763202461846,2.857559017209598,2.0232005708771146,0.41448580526773404,3.747259697874647,0.26723195084876283,-0.26432148874017936,0
0.8695198242891522,-1.7091965261833535,0.9956151640252442,-0.5063335625312257,-1.8965001937751274,-0.3352241819839763,-2.8439247965901395,-0.9561225721497592,0.8829862054617901,0.3692174112776782,1
-2.7274563992612615,-0.21395542918754967,-0.18083338439885213,0.2793158417725047,0.29750990724977955,2.312431873528082,-0.36360872253763865,-1.8366135250604247,-1.8123587064271196,0.10028972250703876,0
-0.15681618569303357,0.585538258338495,1.3040664633488368,0.051992032174644494,1.2099211953297875,1.4977112739775722,0.009920226299608537,-0.1711056269170539,0.4305673840619083,-1.0471498277799574,0
-0.07713094911663387,-1.002545632389522,1.2857431021330643,-0.11348539083663012,-2.013787649132177,0.7966498316147376,-1.0571132467608604,-1.1609231554919832,1.2194930225666292,-1.5891712845113304,1
1.3327858144223494,-0.8501342027176184,1.2214235933919522,-0.9464191472847515,-0.1890338946411212,-0.9955786723813491,-1.2471029124373134,0.36421737465218973,0.23096732869515393,-0.7078312782339351,1
0.050322056721512576,1.5229359244837934,-0.5248171962928653,-0.5509903908437844,-0.21603264143108603,-0.7269226123262249,-1.7379262437321077,-4.187666826388419,-0.2004346266943614,0.4048656929636095,1
1.2440446060090946,0.9061821573482992,-1.1249400218849843,-0.3984816451323545,-1.557218286112128,1.3053158195922607,-1.907142592887846,-2.36328675603588,-0.2730212174159279,-0.33375860549063696,1
2.4697247746519224,1.4057130510158269,-0.4699825733300084,-1.5793656993630016,1.1890571840975568,-0.8682361282409268,0.9190891318066009,1.074910092311093,0.48422077434684196,0.1949295738109782,1
-2.1456748268179853,0.07964268989389676,1.0705794675782778,-1.5060888450601755,2.2792618437023195,-1.5471490733848206,0.7947492156580319,0.3074661828696833,1.6004950658110577,-0.08504433903802336,1
2.094102214860773,-1.635197509984249,0.28337800240176236,0.6370518396087587,-0.008217525463186548,0.0551142788699549,-2.0604530054436756,1.1893967414497566,-1.5549488234341493,-0.2538590771450713,1
-1.8821875702331203,0.06889361672285461,1.5756045591557335,1.3241852371455578,0.005926301646251186,0.6390675580447053,-1.0872621231170803,-1.142787844149319,0.7121899185032764,-0.8634572371883934,0
1.4365417283964306,-0.7152485188175908,0.7241672408771637,0.05769722216578412,0.44886016497370673,-1.556245528719102,-0.6991048420394239,-1.1240329891396064,-0.6941767358853519,-1.7732074077890467,1
2.6470184862822217,-0.7540424916675474,0.23005561154550086,0.5889111175754248,1.6174868920930567,0.4763519775456764,-3.717316602662337,0.5285558268099204,1.9441077035254948,0.12347231450854004,1
-1.4432689864800525,1.1741881650593213,-0.7928636050723185,1.2736650541304377,0.2362249549177562,0.011686716110671957,-1.7843244606269943,-1.1035116299832057,0.4785303141499034,0.7634381813894765,0
0.9948906726062844,0.44398582156052974,-0.0421505316814678,0.567246848857522,0.228946286318366,0.3832816909032437,-1.2232496392518002,-0.22377235487519997,-0.2805085846244696,0.03352628747831908,1
-0.25032984888418186,-0.1610175756624195,-0.35579657792987746,0.19063259563121088,-2.06739556824494,1.465365853683951,-0.561700744676357,-0.980123213593592,-0.6925811773904662,0.3681026481568129,1
0.735160329366167,0.624287956648842,0.9079991561824573,-0.5757777549240405,0.3747160039730911,0.8248235987493124,-2.1755129770790136,0.4292744388966727,-1.4251777645007055,0.5064207749970311,0
4.062525067987249,1.1672090836471585,-1.7403678256144852,0.8955255374169739,-0.9235678382050476,-0.5863711882407299,-1.279973018884336,1.0417254723542355,0.5011712644886682,-0.19736760700948927,1
-2.1279639378229303,-0.4110816176784839,0.5511767023571392,0.18848638076042115,0.44796196430413315,1.356426532760612,-0.4428206899349987,-0.8827420868177072,0.7381939592582714,-0.11013157578269007,0
1.3021891874781615,0.7395452071959393,0.37994955767279925,-0.3814045304714144,0.34318149244713336,-1.1138009322391436,1.4880577390165963,1.5728672390223886,-0.0399421135838643,0.2905675855886578,1
2.75056403562778,0.2080550318240542,0.00397495651718248,-1.2538048271000084,-0.744248300086455,1.4843383174499845,1.0781526847663292,0.43255694887972984,-0.7231312980172583,0.5924779841207163,0
-0.2057424419033953,0.9641787733834252,1.4948228998923268,-2.103500091725501,-0.7848697751989264,0.5054091636811604,-0.8344778778826794,-0.8530722014779143,0.7211195208758526,-1.9730149999848399,0
2.5260577955538124,0.3817247448468266,0.9010053242021153,-1.2938173650678928,-0.8100060874171604,-1.517731676597934,-3.2770443742198374,-0.3937149675074715,-0.13745055695597733,1.4685022718853997,1
1.532041314113413,-0.2682981770580552,0.15773520761168094,-0.08471043286285353,0.501695099304039,-1.5149371475823923,4.235768187108224,1.0582200969144029,0.17454305995310235,0.30900693277434826,1
2.209183635402366,-0.7657453187062563,-1.296833847167973,1.5790894560712077,1.199860347478448,2.105727951559035,1.0696216250450292,1.8847560203767264,-0.09441826213604765,-0.6572117082110901,0
2.009221918945861,-1.1010330858836441,0.22799116370906097,0.7062309747670698,-0.7749706505320935,1.0819444089288979,-0.6949940088593742,-0.6353698274233974,0.18010546746541492,0.6245823093172438,0
2.2531131340832014,-0.34477744535889615,0.50997691724033,-0.7313246069486086,-2.9845862842217397,-0.3006378116889292,0.1252454023474563,-0.38074286654273437,-1.8719709055230525,-0.7263593079771473,0
0.27581903321239,-0.7963744750895091,-1.5066128291433938,-0.7134743181070387,-0.22244454370791544,-1.9092638998944906,2.4336868715946967,1.2651364692181137,0.6596522987772498,-1.5122979916839956,1
2.207793349513514,0.3957354624650479,0.31445082229065685,-0.46015096167640857,1.7828850350778596,-1.1463547805290661,0.8956510006692953,0.38282390685451784,0.14115541469119494,-0.6775924297784516,1
2.0442212747318713,-1.4169364084756522,0.5723852323079027,-1.648975837891303,0.9113229092022447,-0.5350881090344632,-0.7380311160882005,1.3335810104954267,-1.6683448881087257,-0.8605697894225621,1
1.022263319549782,0.16548939312256028,-0.8306215805446449,-1.0363648841320956,1.4373274119342578,0.6997359529247097,0.22374122266841523,1.7216067264747574,1.7461537795510573,1.762127663079091,0
0.5439134084286612,-0.4175460662545877,1.439900556356811,0.07262738817940276,-0.9461110846489488,-1.4666960687271215,-1.2531465074122823,-1.470367465954093,-1.1534672011861151,-0.32218244976200616,1
-0.6291117247498352,-0.7818138633588233,0.7771822721048227,-0.40111327126292945,-1.6465509007359975,2.7759280937576047,-0.07620664648877751,0.31186050904812634,0.1213192322565576,-1.0696636260124668,1
1.9200378133805835,0.9660407980573626,-0.651807378073709,0.5332736027835934,1.7098244603911035,-0.16091582763281476,-0.8561544324046613,1.4469494503759783,1.3573246619264427,-0.36410622138921245,1
-1.083869468920435,-0.11483242508622125,0.4613635210800931,0.7879312524960529,0.10837024245489402,-2.6899799705688823,-3.169162996122974,-0.37979955141591937,1.7616750951939784,0.7463830809835645,0
1.799913279937068,-0.2026167676043195,0.7077148828661287,2.087993682510094,0.9689823268211945,0.8727397418179893,0.38453468588016815,1.2579966401152913,-0.2920753016065431,-0.349851743778128,0
2.2264832539361294,0.23125774718408365,0.46644580083980597,-0.9460298263509611,0.14325486085858152,-0.6563487589109184,0.6382548386558328,2.064237786190203,-0.0850731748251321,-0.12050819676589646,1
0.6518396273382308,0.7411650473265385,-1.5588027694179176,-0.4235433333907801,-1.136737292859548,1.790978655989861,-1.237293011337526,1.8022918714761844,-0.2825833831169834,-1.3436243632847782,1
-0.9337609899865892,1.6311150974555833,-0.10011940196124765,1.2115482569117613,2.8943313334444705,1.0824585340491133,-0.7626155741538134,-0.1259288232273278,-0.7330029191123658,0.04647866920478809,0
0.03064052727581168,0.03400925486107758,-0.43969995093580877,-0.7818468740233404,1.6521722640761198,-1.2012402855242437,1.2766121343593966,0.3806656358264391,0.7357213110188878,-0.5954232028760423,1
-1.6535249256201618,-0.7186870441488834,0.17688583943000827,0.3705984139802113,1.273851826099392,1.6152517760332707,-1.236477789983621,-1.891374699369599,0.6322992097833006,0.3492255625444667,0
-0.8418798853057026,-2.3907821543252377,-0.8552063823110898,1.5984264553578396,1.4762731293824607,0.09298149825807955,-3.621313741208615,0.1299744652932021,-0.3295038006361257,2.81598590372273,0
1.577190659596714,0.7779866783080691,0.2855558895403972,-0.6163654291823402,0.05337684912378993,1.581536115181055,-1.0714987473537885,0.4748418362847884,1.3015929980039929,0.1260623280034051,0
-2.8254457531159347,0.2705977161156537,0.4349370541780767,1.2724965439077798,-0.5291381045621706,0.7620209256314929,-0.7025945215894107,-0.9463833619331213,-0.6181114316735742,-1.9206888668853224,0
-0.015871225784124476,0.43257932208484806,-0.8194867386506691,0.865071489474962,-2.8992243861595286,3.7826705221533823,-0.43890181865676525,-0.2752442335131111,-0.1432454456450152,-0.7009246321685271,1
1.6215460748731905,-0.48234157521273674,0.27491271078750706,0.9815328752991211,0.15498607159500122,0.8797116397283394,0.16045956089760383,0.7745336218441126,-0.1428665853419799,-1.390894131258771,0
1.7508965465397521,-0.6530305754580548,-0.22843192106635843,0.8066431167227499,-0.00632214903588546,0.2513626583219284,-1.288947615804565,0.7322903293235783,-0.6657998701017706,-0.7342759712894197,1
-1.4887394421722195,0.7999112816883867,-0.48414713088721034,1.9278129974385718,1.298581565700579,0.2284004707204833,-1.9311409072064947,-1.1516905516413167,-0.057827508305891395,0.05525609828667641,0
0.5300470852327733,-2.0130006323096805,-1.931623977176875,0.17524519403256078,0.13857252445036616,-1.6242785350635192,2.0571542225533808,0.3932123517349895,-1.8699026829164123,1.096542795975214,1
-0.7901649152813994,0.06812285014065171,1.0784307441987107,0.3717360280120473,1.0274527273617529,-2.05138205477735,3.684519955675398,0.291172965018454,0.4837788340027778,-0.2224781332998583,1
-1.4232329723705186,0.5710314643971474,0.21964158661701466,0.29439275913620677,2.453006047946496,1.8259246911559754,-1.9789410111487387,-2.651983934354299,0.6285994930303792,1.671962960073275,0
2.511560739225188,0.059913237091261326,-0.6643822914959687,-0.653677053748058,3.3297122759747584,1.738547306710735,-0.05851350316142312,0.3802798581027862,0.3241773085969957,-0.08672224914150004,0
0.1634490948689289,-0.4365660514296659,0.30836431263188574,0.8762130742723462,2.0447453100973276,2.4425950933974985,-0.24386767364332684,-0.9157977073038414,1.2632845023687043,1.1612076717580284,0
2.07001740145215,0.7454472820569326,0.7255161387753777,-0.7273212215022773,-0.9731821580004418,0.9458819124888648,-0.4837592271670027,-0.3596838537092151,0.038498485695272235,0.16343176058713194,0
0.6433866443315089,0.3609860825370816,0.3610251451427553,0.734000384813558,0.3117984552173373,1.0015771416945414,-2.746841923635824,-0.4408377404665287,-1.6111694631742193,0.9681026637765426,0
-2.2782420426126917,0.5465691628622559,1.1415587322767222,-2.044556252937615,0.9229204186677783,2.0464383638788735,-0.25305713674804087,-1.3868236848856375,0.770833961123564,-1.0577035069022556,0
2.5753556432455325,-1.3769616544358936,0.8475803182091776,-0.464471939856346,-1.4410145498826437,1.7253451120229004,-2.778672142757616,0.5429686916015803,1.0363849679305441,0.21811355504055643,1
-0.048063258804639464,-0.5280611130257374,0.41818896442890974,-0.641146634452866,0.5111693702417164,-0.4492937906203869,-0.9149890098836182,0.43806009943168145,-0.20210159393183622,-0.5607944692399751,0
0.4188287568953317,0.5622502831697198,-1.8680018866707437,-0.3850368024262208,0.6754703041106661,0.10410167374503299,-1.0234870383117027,1.095041243684764,0.7644782203057904,2.0136989173313573,0
-1.3132187380392457,-0.42886340069726764,-0.9691507327393264,0.5064552465077627,0.9884398725956219,0.24602925035658185,-2.238266924250622,-1.7590015055807346,0.8077257283550481,0.024254553886991242,0
-0.04578903526978095,0.6075656271213766,-1.0625075755103008,0.1630663438855776,2.2150108196566887,0.6970919389253376,-2.1178548282582867,1.1531233488548627,0.9956590114287024,-0.11569648291566763,0
1.0933579826418902,-0.5410554059280798,-1.4409227678818468,1.1790502155392657,-1.5424652454718104,2.477000143270169,-1.494870606745098,-0.11538401334411441,0.2820069867560609,0.1307433459121305,1
-0.025089026416264426,0.14368044501773122,-0.34566637467600275,0.128628690654427,1.1413228957301906,0.502265942726043,-2.1815222920964565,0.940302906908696,0.36176199210385035,-0.13351212288434067,0
-1.896012240557242,-0.701178651923643,0.04175097336784854,-2.8166108000172683,-0.20785196152742902,-1.535738475979986,-2.685243537816051,-0.8907251350172432,-0.5721519329225444,-1.1439890013233718,0
-0.34488823278661107,-0.8354102823918249,0.9623165788801443,0.6068298722825746,2.967149719601373,2.5121204193530313,-0.928504914388626,-1.789619197550088,-1.7225600747524696,-0.5492281394953985,0
2.4806078551732478,1.7365528527660827,-1.5005945871087527,1.8867215592575532,-0.3658201045220216,1.9513453117455115,-1.404880493583953,2.040476175227844,0.5916570839354447,0.1108964301634123,1
1.611436798912147,-0.871689615568809,0.8277131735827529,0.06550326811934361,-1.7212376432860317,2.894034796110487,0.006057940597987921,-2.928877725457119,-0.1982747167143214,0.1933043981059928,1
-1.5026760288770333,-0.04392513295512187,-1.2580199112663373,-0.22380305105096313,1.9291099383335988,-2.200812270602925,2.949769474268628,0.8715472702756518,1.0874535506941656,0.8791383240395397,1
0.31704158078400957,0.8377055993758877,-0.22420927179406716,0.01787210646770664,-1.1791932339654874,-0.5335942072355437,-1.3984492388479923,-1.620506525675752,1.6422722811658959,-0.6666235559680475,1
1.6955075120816991,-1.112704595006501,-0.8006411644518884,-0.3034393871369916,-0.6132487273293438,1.7973228659485283,-0.8549632287958979,-1.3781226226738315,-1.6941546618245804,-0.4318225494249425,1
1.2021884045865574,-0.8706210231258847,-0.18491271887619062,1.6527497035142258,0.2057811917971315,-0.49858269529628474,1.802148765971113,3.3087152397534045,-0.07685619004705521,0.6500889080816444,1
2.4447914637457693,-1.2235671854750108,1.4984673241370412,-0.7857002208783427,1.4776761009413097,-0.3061184229377588,-0.3940818660763854,1.883372807682763,1.9815242670826692,0.5622390597582658,1
1.7293734462812407,-0.6515274797657549,0.2333021065643773,-1.6642092727005329,-1.144660746164568,1.6679511957031927,-0.8926437964782168,-0.2181175111381517,0.06859835422886011,1.4546055390688633,1
-1.9017509613201167,0.7770822584652559,0.4708762567384327,0.14849780662791137,0.9526436691118209,1.670451327271679,-1.5695381706806746,-2.428727073277604,0.19742304769258168,0.36296929239666775,0
-1.9586378375181765,-1.8430668148602856,-0.25356317144820206,0.4747109773986651,-1.2272329736399765,-1.8542418304699622,-2.476160787256318,-0.6774183347262543,-0.9277682990957032,-0.47301766727095396,0
2.44736068141344,1.8658445522852707,-1.1056255017144403,0.6622033339461874,0.9527725082556102,2.190484683140876,0.3456431095525474,0.7046457296938383,-1.6199421316642872,-1.4565879732593636,0
1.4014237270705905,-0.16171431618060486,-1.3664863206353663,1.588173928170954,-0.5577852134746832,1.6651378195823914,-0.9961397156031695,-1.2287547656999813,0.06340351086049253,-1.3944165652589056,1
0.6135941911382554,0.26126170860518405,0.12156748771264907,1.0437133532761307,-1.6527528470569175,3.2321192941351766,0.2468832605526421,-4.008158725594599,0.1877094481279248,-1.5704148248389855,1
1.0916269286212334,-0.8772199858868932,0.13904147711338619,-1.553647043369941,3.088376290057495,1.45876398678589,-0.2915622462161692,0.2644015036694036,0.04624182501819926,-0.3167074442742699,0
0.9998170961100764,-0.4693981624354754,-0.5014694233584738,-0.23893182145712105,0.3579681433917369,-1.2220254949704985,2.763136578673395,0.1991581547299084,1.531642466149037,0.005370378836003093,1
-0.7266259802825223,1.3529420477706988,0.7937581430991331,-3.141414541296546,-1.2384620434168856,-0.11891834364057163,0.5785272011148903,-2.647665044803084,-2.090118507169905,0.4940400192124002,1
-0.0870226491552204,-0.4222099256177997,-1.5241469070460152,-1.3360028924349279,1.348077499414473,-0.8331392407058348,1.0369176132267581,2.05535984021547,0.7064847605814564,0.7142364826939283,1
1.9743568484658625,-1.5886881303775897,0.4846907796184085,-0.2772031153416828,1.2998582698502876,-1.2349250541016428,0.8552127253768044,-0.0036845503881723918,-1.8739700756824453,-0.40609112889156374,1
0.0643223120630938,0.8056510328936717,1.3002489442520417,-0.63057816231632,1.6112474945596298,1.555376148385496,-1.3556602779656102,-1.881706900668791,1.1340005008147496,-1.4015298469325184,0
-3.4731762682455676,-0.4243952207106612,0.7880490843170695,0.03870229475756321,-0.4335204184364614,0.4299478026090816,-2.01706469430229,-2.3076900242147365,-0.6653155109340871,2.6805088716332452,0
1.6726035026936295,-0.36991046945714723,0.07305819214956248,-0.6274428354765009,0.8841137156187654,1.4691829024529637,-0.4997942047821805,0.02491524129040068,0.5674887211299786,-1.6237385821172297,0
-2.8117089210017525,-0.4905236525315732,-0.6039858592158763,-1.4448973229642597,-0.43141914147680516,-1.0709768053400337,-2.034434146539293,-0.7322991747148306,2.986329375576428,2.713619777528997,0
0.09201879748338249,-0.4954921445178963,0.7968048330570654,0.80634841107493,0.7517903247683707,-0.9973100461876464,3.1842582393824945,1.2273943957466198,-3.3475505964875936,1.9050230835354185,1
1.366613827554107,-0.41517528116371183,-0.6976164506090564,-0.525458414206894,0.5321508792853051,1.5427687765652558,-1.7764569115231603,-0.2650822723081325,-1.1262382070860628,-0.9540544541045877,0
1.4519675918472756,1.2840410068362866,1.179913410425699,-2.3882924507511794,-0.9257885878173928,0.40032086991403404,-0.9335217112458756,0.33882447915972835,-3.5388577250697595,2.0700263824782756,0
1.1276861360528632,-0.2942806125613498,0.3598539647549959,-1.0079942388684906,1.4663339011847152,-2.444409555400454,3.335621096337427,0.8214939970979033,-0.6892040470850336,0.34003460920573797,1
0.3179841175573095,-0.21414387208946423,-0.8722998220605086,-0.1828024324063674,-0.5136461925475386,-0.2504062853592015,0.08568219392233178,-0.40162568045438396,1.3454829678839195,0.4682376096968881,1
1.095462674646595,-0.00727259499970656,-0.5537089930758496,0.501987657388833,1.620097334140511,-0.27001848828062025,0.9366337472840518,1.4601850229246724,-1.1264731247465576,-0.7207339871754307,1
0.9167923419218811,-0.17898344139169084,0.9605779037089842,-1.2386461271140756,0.2687312047266206,1.0046412739981718,-1.1121197628737858,1.5370619054247499,-0.1586511834690122,-1.375225117962206,0
-1.308691937986036,1.1538941345384908,1.6544802739196438,0.023469322292615936,0.14013753879091884,0.4826829287033769,-1.214403496667101,-1.181751988527491,-0.8605465725486288,0.5090283540679753,0
0.21121148219822428,0.2106851882954789,1.429927790332089,-2.600575019529331,3.672305890758244,1.924456546293996,-1.093564559873136,-1.0640126907704963,-0.14408557045249443,0.9981164887161206,0
1.058155377816807,-0.06771719735270462,1.9127268503065222,0.6953772364017292,-0.23466573031937465,0.6517429846024299,-2.240856444162068,-0.6466759479722508,1.1917378358214277,-2.173768904413992,0
1.5256662988757346,0.23006040438340009,0.7281727495472169,2.630615009851872,5.062147323773235,2.372240542301273,-1.2191476703199933,-1.1744684624448298,-1.3461407225802056,-0.979319205284551,0
1.3876299453143819,0.1270685733595555,2.4609962258425813,-0.7929315499398801,1.3058579806462185,-1.137050344353618,0.694463542375136,1.8806466104433253,-0.5136113022139397,0.7407563785031073,1
-1.0323874619702302,-0.40149168160748844,1.2428010820599429,0.9489482228070966,2.4164303368273887,1.2683553249334576,-0.9326166874729529,-0.7087022382043107,-0.47445049546896756,1.6177170757757846,0
0.4990892487208962,-0.4948286054196252,-0.03235275367069412,-1.2967326974200395,1.1981843050891163,1.2462655048897975,-0.550621585264677,-0.5642494706981328,-0.4731215046093557,-0.7628554421965549,0
-0.9063033582822756,-1.820552881661241,0.4399514034031104,-1.2015908216734499,0.160045684550276,-0.585130674899969,-1.6971655257566376,-0.5271617586493859,-0.434032263769012,-0.20410912649344204,0
1.2734261567626526,-0.8219203325737525,-0.35477988735035715,1.7202653088549351,0.05639350883322747,-1.3591250204440404,-1.4340377328474012,-2.8430779920316085,-0.4985980356741741,-0.21129135779325584,1
1.791644686832973,0.3066983736594359,0.8809151690332453,-0.6798277099612238,3.2135345965937114,2.239282413679337,1.5194626540932052,3.1141189822390998,-0.5507167881185753,-0.09634663149429264,0
-0.7252386094034684,0.9646742396864201,1.7236729016919548,-1.0071313718040806,-3.117079437273887,5.20193952900707,-0.5218772763362349,-2.804991007349414,0.45170464989067716,-0.6433143271598216,1
-0.9412398624051637,0.04818875474790214,-1.2429333469105683,-2.2599013674584763,-0.873578107932628,-1.277559251583186,-2.3219599449761326,1.6621476178739059,0.07796909938329855,-0.3114243493535451,1
2.7250502322183023,-0.6670414757886871,0.9909581870356614,0.711045304397363,-0.12792177687931816,-0.8085954313809688,2.8543748966296505,1.3931062069762317,1.556300795515933,-0.3020310227827632,1
-0.36489025253225216,-0.3384357848148192,0.4799969943350377,1.2179271419745152,0.658088750971078,-2.1774177872904703,3.490791161610946,0.34345952543858405,0.6961362419695681,1.4184025460365826,1
-1.4602763328356692,0.7536938995540108,0.10312183410805609,0.012365095136532597,0.7619343696646086,1.286299599755555,-1.645836645289187,-2.1270179816485992,0.12949365289609474,-1.7305061086190905,0
-2.4412901347037783,-0.7954247917548061,0.5870979263002958,0.1714097959035053,-0.2038872460812784,0.17450790454408727,-1.802398682828474,-1.626300176166939,0.3110150743781913,-1.1319334675943329,0
1.2974639826895615,0.3018007570109797,1.1363427959118493,-1.168011923843705,0.15708136799055494,0.12024213822343721,-0.8583081806602975,-0.9345640688715751,-1.825805741892989,-0.381294960804576,1
0.2998705946927943,0.41998874522080465,0.23955623724338154,1.1053069074036117,-1.5571127598174919,0.3074578500040741,-0.3767770672629067,-0.9338751812125967,-1.6711873328966327,-0.05358537531886059,1
-0.9893656023784516,-0.8280271791876589,2.6537248753663505,0.12596141487863907,2.1267828731609537,4.446701929167777,0.8326910578572644,-1.8319026209688651,0.7167056822387093,1.1894182844634764,0
0.46925371467012733,-0.5943498527396046,-0.9752409251002728,1.7344330917873865,1.37608626670358,0.8223054544469554,-1.0659283239842967,1.9460159031055906,-1.3400568903608094,2.208419091154705,0
1.4677671783832316,0.6772085213501834,0.6098290776634929,-1.0931075606001215,-0.5261269925036474,0.2800651905780217,-0.8604025184832498,0.07216808007107711,-1.0795504116394294,-2.0796332822470394,0
-0.7487245074262685,0.5772483723755298,-0.4491074688293152,0.011095220319579394,1.4569177055938085,-2.411175604907432,3.0310168078684163,0.26800758682742665,-0.6608943369861829,0.20222587459196467,1
-1.721630524027204,0.41282137273314556,1.7511355974144434,0.6683539678434582,-1.8726953444471235,3.469629080327986,0.5070753608393475,-2.228962281526003,-1.1923635582683558,-0.5774021922294386,1
-0.2542739976030908,-1.2231388144094233,0.7537356371784484,0.4986048184872299,0.6311041006720113,-0.12657744894471268,-2.857109741911862,0.5267728755220424,0.30695075011252615,0.9387236162381593,0
-0.578701583259458,0.35820663387037477,-0.6403187591794156,0.15103290905513567,4.12237945442617,0.8646458788450205,-0.7965278526690013,3.3961104808462586,-0.27870892421964716,2.0350091093347893,0
1.5424295587540575,-1.1246550393159365,-1.299637669862416,-0.3551165654431084,0.29302972741391053,1.2783154794387006,-0.9884497858190286,0.8053134166036262,1.0921029610193338,2.177052647488376,0
-0.684950437441928,-0.38187934439569,-0.8395392371006698,2.0361561863588413,2.523662100536388,0.31776200932887166,-2.549498706692665,2.2152533852074106,1.5057911210760857,1.2169688626813207,0
1.7415680313944546,-0.4869763001880067,-0.024832667703754394,0.2608231676775328,-0.7996430389289475,0.1670464275186878,-0.21818206736533097,-0.5859646814710691,0.620148780415464,-0.15857009234621902,0
-0.2957269089272665,-1.6970899809405604,-1.195954340055588,-2.0895496931173736,-2.1154804377607754,4.047182900418969,-0.7490362588049284,-2.017678673651609,-1.054305042604079,0.27447580157780926,1
5.066061280449542,-0.4066687190384437,-0.7239081891542735,0.7333482326890381,-0.045048027597432094,-0.7941962844277018,0.7585894756873035,0.7696447910247073,-0.43064925275382604,-0.9013697148422457,1
2.337167548873216,-0.5324589840683974,0.14836285868198548,-1.9587736612955935,0.7176142121777402,-2.0520846560625494,-0.8558556828398679,-3.668565776785968,0.6580675755568536,-0.334089207095231,1
2.014872115278024,0.6423655920501782,-0.733543163097348,0.8766874758750992,0.5046770864172253,-0.964604793572232,1.0259604606317756,1.259992382958432,-0.21367676886986164,1.980075233444019,1
0.393754088331141,-1.91333225014893,-0.6079932971682473,0.11139085350495989,2.04773846932675,1.159451228454172,0.04192278326251486,0.5616615320742417,0.6198984737662316,-0.3639115638274787,0
1.4932137676802955,0.22384017278323629,-0.7079729470064022,-0.1039195114788388,-0.33675583787427,2.883285085723325,-1.86585132431442,0.29564746967531175,-0.8462336621965075,-0.8215141124852376,1
2.360461159990309,-0.5666319246194422,0.2537067194918132,-1.6150318721278794,-0.15282624280982882,1.9450009403678927,-0.01356483199923253,0.25334176468817193,0.8458396242433921,-0.8972549274981164,0
1.707963988634932,0.6668723450757911,-0.8295075588820175,-0.050463047402838246,0.8445021834771833,1.809899725008759,-0.7466146060131575,-0.02643241744128577,-0.3370574860446252,0.588500786261195,0
1.6370254206456631,-1.1892239849123798,-0.6982203212215793,0.21195802700156327,-1.2065713195418257,1.2336503147448579,-0.29263853599341705,-0.16292593104125075,-1.0314745439107442,1.2506586429382711,1
0.6060859123357154,-0.7296336453351577,-0.020239721297646392,0.5463317060017511,3.1781881956606206,0.7291980671955864,-1.220300783540397,-0.1635032475831787,0.7037228188992819,-0.9780883762484497,0
2.6829976131485753,-0.17168507736928265,1.8510541768497661,-1.6985697106229332,-1.6274170084556299,0.5621709016027079,-0.11258104577888717,-2.058938909969862,0.44323809808521286,-0.2617009938158365,0
-0.309411874118497,0.6164221048147337,0.7394094886164625,1.5665091267059081,1.2428246962719858,-0.8028650037576692,0.2423219953036989,1.3211787903562882,0.4251332467137215,-0.4056883798062532,1
2.345637427405773,1.954711197261288,-0.030252661725420512,-0.47970673955782334,-0.10505403617780451,-0.5144216465512514,0.5747631053546014,0.4576023692710598,-0.29081461270758724,-0.18703362887472083,1
1.5015056223192758,0.26593258631826233,0.3438678131479371,-1.0974395765349592,2.4401426675908535,2.0641709099584036,-0.11126771956252157,1.4608200265842652,0.14091764823475636,-0.9883944384668729,0
4.318161242873238,-0.7308656201837209,-0.9451088661130198,2.68797624380741,0.2238776518058685,1.0983329401693125,-0.8336026080800567,1.0452955413438465,-0.14248458157179603,-0.25184710532935095,1
-0.1926987848027969,-0.7054319960782337,-0.46643141236127256,-0.07612722306890851,1.18294284962258,-0.12295689437340163,-1.5970187071858017,-0.5607235129670773,0.7214359073440844,-0.4249268355569598,0
-0.43897449842514,0.6589353548536838,0.622932269811964,-0.3248836219917387,0.3855908672275642,-1.6453411215466238,1.1375239771558419,0.6930320787047781,1.0848277401561082,1.8103275907226957,1
1.753862817129373,-0.5047194101871159,1.4418053290159079,-0.11149078712511214,-0.27877796487481765,1.311593767004679,-0.7376404774464893,0.31748127994314124,-0.15703669059262962,-0.3615773114433937,0
1.9334260693589767,0.2756631976342582,0.09173987598728203,0.9978778157942548,-0.845580018520371,0.96766443160105,-0.5619525086924488,-1.8387874553496157,0.5661383087123703,-0.6721326584973266,1
1.002883234456785,-0.35845550683681077,-1.0165243621826023,-0.21610437118331924,0.4398237852973208,-0.33967703758409473,-1.171495772104548,1.586893826364281,-0.49057083488586584,-2.3263615597391976,1
1.5127621501356776,1.089787014204167,-1.0872606842743522,-0.9474290450606763,2.4282277894307196,-0.2854691448315486,0.07304653885740331,1.5378685680525694,1.0725207141772715,1.2497575715479559,1
0.37196707562701314,-0.3602768468769759,0.7048615481957615,-2.1638030013490286,1.4700755648023758,-1.4909959560224975,1.6234800213838276,-0.06700674343918256,0.6225313439371939,0.34857074429507295,1
1.0223388235192823,0.30243114577612157,-2.9029273219015455,-0.45015491984272826,-1.989544416779323,1.6589131911585595,-0.89314586523757,-0.33683675004552205,-0.5485649505571252,-0.6603292617513736,1
-2.9243453447439203,0.6296376030255896,0.8861381534941315,-1.6123097359794165,-4.34147718695851,-1.6551086399735566,-2.350081172832228,-1.8913258304500693,-0.20758434514303986,-1.894382195925908,0
0.4662161890572425,-0.45838807685368677,0.3902784770595461,-2.7892049920138704,3.097760949445578,3.2271325208034454,-0.4000466066390539,-1.7397656092952958,0.00602113581669193,-0.7341100512387413,0
1.6383686513980358,-0.34432120176999703,-0.47285279297804617,-1.4261137171431046,0.5939411346558738,0.9271847912157162,-0.35071715492490285,-0.17366890050560913,0.13883208271781333,1.1959764624837037,0
-0.48846461148247233,-0.9134251263173027,-0.5228525870362869,0.13281753341626526,0.2506606509634356,0.4329719769909107,-0.5416434712492482,-0.1409612676289288,-0.017746692418393682,-0.7329008084917776,0
0.7882450369618503,-1.4416451465108133,0.9502571938685426,-0.7723178427228345,2.4493478011609335,0.9338073229117682,-0.007816344503505657,2.322242753495058,0.8267029743814808,1.2715241476539387,0
1.6117743896096934,-0.5243599556815834,0.4462018362894799,1.8534107978998282,0.601595675943665,1.8717674012584644,-0.5379732557620853,0.8851906552586771,0.5388169281811231,0.019081627779767917,0
0.9217296119336784,-0.10890649513833205,0.5762996530405098,-1.1331684958720607,3.387228974398419,2.4685926412778896,-1.1285885188753686,-1.7216911554841738,0.9511163073023188,2.4635569321322595,0
1.184216370992632,0.42880071777425993,-1.0021039246304306,-1.6521441318888168,-1.4513408257292053,1.0685694075738756,-1.5632330602391091,3.2388718164559958,1.9092970506264633,1.1221323222304762,1
0.65514155053079,1.284590718685139,0.24680931818085258,-0.4996135932227324,0.6820391351014115,-1.667404680899874,1.3159076914977865,0.8955356458976674,0.14376464310858494,1.315094010107804,1
0.9918120036536009,0.09315877991765241,-0.45127053092953,-0.9844554964640968,2.224087378222479,1.1392741697508724,-0.22909949442334865,1.2964981741412536,0.1751749493090029,0.6545057527231394,0
0.2635965134903997,-0.6969760176435625,1.2341698587913752,0.26186065929027363,-1.430506227476675,2.113936881045708,-2.0828093153057514,-1.5182429678099356,1.0953491943987237,-1.0141612652549674,1
-1.5148309746425337,0.44839701652961467,-1.3372424159188452,-0.12546053915217067,-1.9054208154369778,-1.8311130193409038,-1.609434314142328,-5.777263447309726,-1.1043583790396148,-0.33140110369626374,1
1.4183704692447276,0.8588947966598731,-0.784496072389535,-0.786806656896385,0.6694799009113566,0.517412710128533,-0.4279096724811815,1.1157995908878129,-0.2520759659099735,1.7992510456861954,0
0.5840685483818306,0.2910068624638142,-0.9462756317300305,1.861257373980529,-1.7178527848258627,0.25446925765213113,-3.5720924271882373,-1.3098362155684553,0.3136403674078202,-1.7644481722305585,0
-1.1888422787517792,1.786597023926696,0.17557206171548811,0.7983480513491078,2.571362326128945,-1.6327881907576534,2.1614990780507717,1.020135787063899,-0.4162102138395885,-1.268691976843173,1
1.305212940506362,-0.7026577451166509,-0.04352946650466633,0.15367402056418814,1.267050275429721,1.4561235949061029,-0.9857174680629359,0.6412254938848095,-1.9053304524509354,-0.4147023867269672,0
0.4456588219857205,1.4574842978317002,-0.3426022407710725,0.4845131307727723,-1.7730678956347674,1.6664297398197214,-0.9642600578786574,-1.9847143426129454,-1.5238586374474048,0.7307546611603922,1
1.2627057666558161,0.6200799984463362,-1.5224146942667398,-0.8902544200486536,0.4520910401497604,1.3544855443446424,-2.2622327257178325,-0.8761902139157116,-0.5859059606811758,0.43566456645700186,0
0.25129321279815864,1.185829198742175,0.799611626056244,-0.08062880844981013,1.7498092555790483,-0.533156776627245,-1.0367891281128192,0.42501235641305446,-1.1596206115397987,-0.1633079550015069,1
3.2036241588585166,1.2933698874856707,-0.2996527756648127,-0.30044493773116476,-0.3349778376526156,1.229905840997184,-0.7001845415077934,-4.080245984804993,0.42193371217351033,1.0134019309650404,1
-0.04802598276337622,-2.0967994808279724,1.4967567859904742,-0.2216950367589593,-1.8737371923611668,1.3867448130429576,-1.0293148614779613,-2.0552393387728456,-0.1848503606505301,-0.07750801114628608,1
1.6673684709043057,1.0574892793021782,-0.03202756915864482,-1.4537985507462725,0.46900894303937124,-0.21029209935158222,-2.1538628575358403,0.9754908706365923,0.3709087906352869,0.8902605314672007,1
-3.5470539841957676,-0.0032743790558235593,0.7212781292490482,1.9731048680819048,-2.3445458534087265,1.4808892609988509,-0.9069581822770776,-2.7047524516053274,1.504942189115205,-0.5147916994996568,0
-2.0372686077712,0.37377487490223954,0.5892001322325895,0.7999272995299169,1.268592623239606,0.3391026363162002,-1.6312210043210076,-1.0278373475838594,0.5587188371873778,-1.1576316809288612,0
0.5632410711632168,0.5051106120830741,-0.2829762769807495,0.7070175029576056,2.3238978976489877,1.6394648486739856,-1.1063695154645017,-1.3039045895430137,1.7914793403641365,1.0527689396115851,0
0.0834519239100755,-0.5021957917238288,1.3653656446411597,0.7957144478653583,-0.7583487487732643,1.4212177234599221,-0.22774389114941196,-3.7713551520275463,-0.8202905939056933,-0.22475898485840615,1
0.5939620026406933,1.1387180678560977,-0.04225915609369724,1.0830506555535826,2.5823627709749446,4.124509826480077,0.32182284263403593,-1.8539858846419814,2.0933957250499264,-0.2784294845234738,0
2.973595458313039,-0.8473140278511367,-0.45502283927230186,-0.5179653844944841,-0.38816809761735627,-3.71665994281269,-3.204596542374023,-0.26984195862861515,-0.45099393312640995,0.15626624161949673,1
1.5815170390208761,-1.0271174242187837,1.1433198239615687,-1.4983689854658357,0.6111843482729585,1.0865872003668495,0.14760786058429476,0.654239234040743,-1.4353559159910807,-0.6644371821053475,0
1.3222646734716115,-0.3090282758170436,-0.45693483913474303,-2.0315513107472367,-0.8767272098145621,2.7213307917663307,0.2987621143044217,-1.2113398293645146,-0.11119143548734531,-0.9672811102946235,1
-0.4734689050089629,-0.328440737328814,0.26402900139599467,2.4739587804167162,2.827505239832308,1.7364896835233152,-1.0599787945623804,-1.0348859923804403,-0.13589138552518037,-1.0478098183782303,0
1.471447221117896,-0.5393981015339728,-0.9668815259640181,-2.325631677841348,-0.1515170165501234,-0.7927229047986997,3.1014797676110364,2.7024487933097943,-1.9004897060177401,1.1815631368820914,1
0.8597287510720817,0.5406307261785857,-1.0347697780535663,2.1960895592968157,-1.2985932991302338,2.5483834522898805,-0.6335651732417038,-0.25829685308597616,0.4715284841752391,-0.3184817988704806,1
-0.6719811095676389,0.6037041551226275,-0.33578174195413085,1.5444420988742655,1.7189589115780117,0.2827921479988035,-1.8392718348342911,-1.062455965914893,0.1077481346260674,-1.1212013268388503,0
1.0552101894361647,-1.6601112599137606,-1.0869752536506059,-1.7702441759754863,2.4872815909819552,-1.0390506893965246,1.8514289436782665,1.0272722562905103,2.026802368936906,-1.6237683520495778,1
-0.14269400999681836,-1.331106098741396,0.35297074972286774,0.29416753800160234,-2.4073498049491677,2.190453565241868,-1.140851018438053,-3.270327342969774,-0.4129221450105309,-0.7122892858062796,1
1.9835577181693957,-0.5747964176044837,-0.39063653075135196,2.8334956118942727,-0.19909234097833317,1.023027649132663,-0.30051235030707746,-0.06872983499056207,-0.6166335598554541,0.1834465762181352,0
-2.228571288641804,1.392095244121183,1.711806867529505,0.7944982907563105,-0.04287383304197934,-0.9634681766795274,-2.2919304095717905,-0.9631024144396388,-0.2815287098643214,-0.6455518646949786,0
1.0808061055651255,-1.8034037342272606,0.02725563236057936,-0.8400600355418061,0.9177972572972348,0.5863236368813267,0.7624440269763233,2.069994203327553,1.0931229758819565,-1.056224040668033,0
2.4636292652689606,-0.5730309262122213,0.7302497537329496,-0.22018211404140178,0.757621584977173,-0.027106855985482792,-0.4973869389441262,-2.4870264939050273,0.910251681532861,-0.3712793295240841,1
-0.07969275943199139,0.7293118165382786,1.677789754745502,-1.1890220592259844,1.640653233149263,-1.7794425842694286,2.085215216427847,1.6557555462248943,-1.3007017697541436,-0.8232102514740889,1
0.45821294709251903,-0.11922435626590437,0.824451800227485,1.0361977510121103,-0.061536895016355064,-0.6559421755622119,1.4797123330769564,1.997728469977879,0.9197484789904266,0.08270000363857032,1
0.6986892688344883,0.02846344841915499,-1.1715044081696178,0.8347497226433022,1.109810933347267,1.4972937821446193,-2.242729396247379,0.2787939784820236,0.021729490989722763,-1.2405935848407343,0
1.8441280311720867,0.31251987977721984,0.18210603205732684,0.44329092660742553,3.6336078589238827,3.425904382590788,0.28489542768292764,-0.8553835276243584,-1.964897282976844,0.32922586691031347,0
1.1061037943939862,-0.17115638675036388,-0.9038555419523364,-0.9172026801316363,0.129693022709503,-1.483385140859855,2.2973746571968716,0.9676833475121509,1.247385291974663,1.3960213653814821,1
1.9056614136372172,0.29827110460098805,0.993334501607768,-2.0711798825804664,-1.0188023748026236,-0.8900406542474754,0.7621057797727003,2.279634602044201,-1.1357508478582938,2.861136567633684,1
2.569492147675607,-0.34458653573463344,-0.6157374582092063,-0.48899228957847524,0.577583712474173,1.9690614834912576,0.39572427178685365,-0.26614630248462934,0.3160681424016309,-0.7173921636594315,0
1.543262194383858,-1.3400177279235521,0.6518577695156011,0.4310880736371018,-0.48556114473701406,1.0828729236443222,-0.6629700566190454,-2.1245697939553136,1.3809265638012977,-0.47449044474837226,1
-1.896377526852552,1.1425235608781303,0.5890241699257166,-0.18600769429209638,2.452273427334778,-2.464339593871255,1.223121006555889,-1.074467709363034,2.0267396784843514,-0.2705148819041963,1
-0.42620407370749525,-0.20529259405139316,-0.10571802470109723,-0.26845256119676414,-2.339157473061963,2.9101520222167903,-0.455582993011306,-1.7490795944164717,0.2480406428958048,0.5058102656436596,1
-0.024579217765852923,1.420618292774008,0.8630607812527138,-1.7179573137198072,1.1209709156413323,-0.657820801629154,-1.2696873773744886,0.39945830644448943,-0.12443078414381013,-0.40553991406707834,0
2.3874381081457505,-2.329441651122576,0.6423725916415679,-0.8443284487895042,-0.9156463853834134,0.7969634803521886,0.4060669429820243,0.5214501678620717,-0.5743824504629396,0.030747583087498632,0
-1.655139335978122,0.8630877860052469,0.1302390838495389,0.03880900045480176,1.564386556799112,1.2653296493721922,-0.344316568238376,-0.23180780249476063,-1.2290028604944465,1.7636192077507902,0
2.801442123490577,1.4696805972037168,-1.1225480905044163,-1.7346403355315245,-0.38201573319435544,-0.5762783041762563,0.5386071549713558,2.2095742498827673,0.3785021489175206,0.05157908952637019,1
1.1251003879276742,-0.2230698117907077,-0.07633080004076884,-0.010915681073449155,1.3470199513234653,-0.614277771101948,0.7908798796771749,1.1781238410530122,1.1903363406093688,-0.9348866927133695,1
-1.8010990835611742,-1.7578434493993103,-1.182815502304289,-0.8114815369845049,2.215534171851501,1.957230138523972,-1.2426555498930019,-1.827840559246357,0.589503049877248,0.08732870392164904,0
0.36516184098121474,-1.9939946266792412,0.6244151389325242,-0.43510685061213883,0.1678266206482768,0.39570665923821646,-1.537482605432417,-3.733402698432432,0.5944103539572518,0.42832741416942294,1
0.6986062211462878,-1.7001760126188237,-0.00798120435170447,0.4472521554922508,1.0987415605703785,-2.184260461768276,2.4700427674130108,0.24705659708085437,0.20441437150141376,0.9690405516353497,1
-2.3572143751463934,0.6482526563258691,-0.11841510471612826,1.2716652332964993,-1.5650984483290027,-1.0939995754237715,-2.190834198820694,-1.345627686635706,0.13989342347031813,0.848298179304868,0
1.785886086172742,-0.3651826162937345,0.37448557759128565,0.04487323565970198,1.6171367133590637,-0.8610929532900631,0.7420143730351675,1.9650774004234464,-0.5032436553016811,-0.4089418892412716,1
-1.2535837870522135,-1.573914211994401,-0.8124651836820451,0.06225985632933222,5.608411850136866,0.9824088981528653,-1.5171134252154,4.493121549153288,0.3055643843570512,-0.8577388807870001,0
0.609908242955205,0.7877455413114314,-0.37250949853380483,-0.7168742707124743,-1.1441461558588224,1.4156563793324066,-0.0032546501893385704,2.3909263909229317,2.1376116293792236,-1.0464152361937116,1
0.15148855762246782,-1.0848787762763399,0.9515573777304999,1.4338344891601564,3.2566735381805536,1.473983505997571,-1.4171861959651275,-1.0802089491131437,-0.3635620445525684,-1.6934990908350727,0
0.9117612804142561,-0.18340998729204272,0.5369756969437411,-1.8155416295253364,0.23743457396898515,0.26830894876243916,-0.143013884719579,2.7613002196521124,-1.0055200145152972,1.2254705453144694,0
3.107747834982756,-0.697829288253898,1.1986426089954636,1.118183017150708,0.7088886372100165,-0.4560205458363732,0.4315086518352821,2.286464233973553,0.5375853070438055,-1.621008284576339,1
-0.8029237146220858,1.0823538731623088,-0.7888492497413011,-2.4619797058899167,2.046595660094706,0.42107748453091043,-3.9224705973951437,0.754079219971092,-1.2584148305649208,-0.26130011056889496,0
-1.8425475989674402,-0.4634175711160962,0.7810789812152732,-1.600625843183379,-0.45212202331929885,-1.5360045515215792,-2.8664667375381088,-1.3591497895151492,-1.0651560140953598,0.020562470429827465,0
0.8039330878972819,1.357461365683299,-0.8394815912727899,0.27835816644536276,0.4315090756623444,0.9832518711048642,-2.0638976412689174,0.4378538785518785,1.791670710523534,1.3221671462211262,0
-0.016524755455878504,-0.07541318090619945,0.9050665483595475,0.30559812717284496,1.8127128158792618,0.011026300691781676,-1.1896522500461582,2.402183601336023,1.6589403034315653,-0.13438106818006249,0
1.0758538812855647,-1.8574787826634034,0.06835044365313034,2.5403910976814337,2.352453188092249,-1.0711721845386633,0.8372553333815924,0.6070395538864392,-1.4135149731971948,1.7004292964590928,1
3.2507971932329425,-1.4622289725210473,-0.8253546569619061,0.09939408956142959,0.22836936466585556,0.0692620924421481,-1.9852999505558317,-2.107460485734249,-0.1377410990575783,0.7347485957410083,1
-1.7512220672684933,1.1494092936662468,0.24883707875137878,0.00404195782316077,0.08274684402690169,1.6269557593537565,-0.6041784734197335,-1.4184782528131206,1.224389286802904,-0.5702531928280898,0
-0.5646408555493516,-0.3003268458042407,-0.02675124557413819,-0.30965981218568894,4.781310109034276,1.6166972043694552,-1.5417047692833283,3.638629100576133,0.5102763111691208,1.456328471979585,0
0.5436595879836109,2.2432439632303542,-0.7163479391359003,0.6116200011127101,-1.8473521989344222,2.109291375661824,-0.309332878458652,-4.08759756209966,-1.090030495473646,1.233391932409381,1
-2.319259666910388,0.07400401194286525,-0.526624946980564,2.5333390006978433,-1.7421371645309622,0.10333330852154177,-1.6110036205064873,-2.005419273104965,0.09673643273801409,-0.22090025092110704,0
4.726356161727825,-0.3266785659089869,-0.15250007015031203,-0.3704326014104395,-0.2944756568733067,-0.053693480815257044,-0.861971353655905,2.914162153924885,-0.34306254338566294,-0.34598083090249077,1
0.8276872908156148,0.32843299058154907,1.1183812821105803,0.7695651437810074,0.5896442707685177,-1.2657106736429327,1.4471646335564083,1.3361427684653422,1.0571791296144326,-1.3685201427252165,1
0.38860023726362747,-2.7259688500994756,0.3255458153220719,0.43782376624357244,1.7216052690802335,-1.3244925435148922,3.4109468819097177,1.0999847678195633,-0.21389648864431846,2.2439212755030495,1
0.13747789034526048,1.1876411393589066,-0.4564031828401075,-1.4241224116579378,1.0461590456610534,-1.2213515167259303,1.7088011088725623,0.04611167678192485,1.6923297206772177,-1.8203980480718356,1
0.39212035303686776,1.0462572134371722,-0.6116015792028642,0.2530084866777919,0.5277282621298323,-1.6064797181664152,0.7916564386910012,0.5902030612871451,1.6022113887316758,-0.5072155476055451,1
0.7583600228821561,0.3721667623661084,-0.4658729421732854,1.050399535874439,-0.5685679111379158,-0.019842581851669427,-1.8212598619340177,-0.8214955585579681,0.5719563219724997,-0.452448205783607,1
-0.988019555103772,0.305248659617571,0.07562677839040349,-1.6901962176328016,1.3671285462024045,0.4914945821707596,-1.0401023028481535,-0.35190252056164295,0.7888842075486421,0.4705989135033593,0
1.1656116681341973,0.4374244857229345,0.22177078244138554,-1.4200829830227115,-1.7217423344161058,0.061826115818884086,-1.3404278937529757,-0.10771229372235536,-0.7505471890030484,-1.3828959192725379,1
-1.9056285772886126,1.288880002051845,0.3681850364120082,-1.4021959857560435,1.6039035515789406,-2.499170318419065,5.442018671350471,0.8311490860052946,-1.1105873586900432,0.8378704176677894,1
-0.4638238414969029,-0.06007919289668886,-0.7529053954279397,0.654023974231481,-2.519343328232652,3.1512472321513645,-0.533453900715031,2.6154876178571573,0.864948838011637,0.5660715573099809,1
-0.56215508506626,1.6078543368082463,0.7039658051286266,1.6527489558168793,0.6462894641973301,-0.18173093686107133,-0.7898489254013517,0.2999888108613984,0.9025329600753249,0.8088204022778498,0
1.044048042571824,-0.04606140412446539,1.216459777899117,-0.2554504313815159,1.7269678730719442,-0.791279040335533,0.7603555584767763,0.83795574813281,-0.39354631987318744,-2.392608148197263,1
1.3000995655897611,-0.7882191047163172,0.6659488378340656,-1.5532832525269797,0.8489811232973898,-0.15957188678162437,-0.47767044704347583,0.9067889663625877,-1.9286814348628423,-0.13200385285427224,1
-2.0124673769017702,0.1848397643603801,-1.773719124589243,1.85747720929573,-0.9504461795188714,0.21762700268699808,-1.612864957697768,-1.6037630616881957,1.6005625073699596,1.6286276978812413,0
-3.460546035566821,1.2551054165830837,-0.5243486162483538,-0.5157673445295374,-2.7127147937821454,0.7440725031698383,-0.4527059572883445,-1.6078829987425094,0.6867092043485655,2.406122358003271,0
-0.8844312972296364,-0.359498776645418,-0.009698662182608321,-1.5256179282982496,2.147858419273107,-2.9617694313755476,2.125802924392021,0.139040159979696,1.193103673332268,0.9916471684145696,1
-1.0222861418851057,-1.0799098408608079,-1.0337358005622264,1.714164357415557,3.1290495534503493,-2.0834076133377724,3.0441668828968074,-0.8604468202185782,0.019576762090171933,-0.27464484856183796,1
1.938932459620828,1.1330634416071725,-0.7404259806871265,-0.4226580286171217,-0.7286459571975463,1.9421116285231785,-1.7800399598981747,1.8523727338448266,0.1442217568726688,-0.38552370444361184,1
1.8728544531505957,0.40795690975064797,1.1364705083670374,-3.582062607487511,-1.521008873615409,0.54743920361829,-1.6385995267488511,-1.0404934810462323,0.35502561793492887,-0.9125077743940353,0
0.4967226323689987,-3.031193832490089,1.434408045034828,-0.7707874030402765,-0.016975124113535855,-2.5042272204119556,3.088122648239955,-0.23500040253795418,0.5136350338651522,-0.8966664943333816,1
3.0805532400393374,-0.510120739478876,-1.3357566625066817,-1.6278859389552167,-1.034101694114966,1.6879437286128747,0.29912571654593223,-0.9867283961325839,0.7295193509862021,2.1356261011732305,0
-1.2716875788373967,-0.8746398141480543,-1.7654286975257067,1.2972492001860536,0.19523394188258814,0.8805311499649383,-0.7835474043019248,-0.7467750106143944,-1.5110540339128657,-0.40677521629388924,0
-2.6729317025178636,-0.5133291866775045,0.3081274643361337,-0.9418150214473305,0.7021470627727204,0.33427603848639287,-2.4092228522465313,-2.2737587497851823,-0.141815297669161,0.7328675824556993,0
0.45427649546749915,0.7731815128101375,-1.8007744587881793,-0.846454491268648,-0.09071982991890293,-1.8306719172014274,-1.2212528385050294,0.3577855133213075,-0.8729036753264977,-0.38663419771430846,1
0.5319427203112586,1.191931236215073,-1.5924829722782052,-0.3812707060316669,3.6473548785106904,0.21912727662383724,-2.160953073020514,-0.6995026344627469,-0.30275286996176626,1.3194217878148724,0
-0.09041203285997912,0.033594633326849505,-0.0453416734600633,-0.22856539112620938,-2.149554511848609,1.883915813480296,-0.3277665186645541,-2.3734862178235296,-0.5131843809238639,-0.17860032943355417,1
-1.2623419394652782,0.039460580464104576,0.036619926358222935,0.06453806300972237,0.3274166511974611,-0.1758473617980605,-0.811401715998065,0.134375187082588,2.207998653330968,1.686093154338994,0
-1.3943314299015963,2.025091083491953,0.635253064848071,0.29885846375057945,-1.46640503735006,-0.5581188792704792,-1.297987363548866,-0.6396834337486793,0.901685122141679,-0.364290095892411,0
0.9733632258171426,-1.7000197678102116,0.4667552048385791,-2.8843243671782015,1.1512697387538022,0.9662438178462057,-0.045569976971084336,1.8872018951898122,-0.06697235972252169,0.7900154089781791,0
0.8146465360963356,1.3207501278261604,-0.40600066390849227,0.3348381950246217,0.48660586844211695,0.14788824391663413,-0.42633921695235455,1.8709151900802008,0.1693750512716112,-2.5467321117621853,0
-0.17952682444798695,-0.048097423042657995,-1.3184181401263892,0.610511002359014,2.763066416892011,0.8435686895765919,-0.7044707701771339,0.1529933634433689,0.8684443105959316,-0.5582648758056487,0
-0.17397318676493811,-1.527041060820457,-0.5469860834554389,0.8157651649899931,3.4644114489849693,0.6515729157045478,-0.3191435076306942,3.34465614855123,-0.5034623439010585,-0.675087578960491,0
-1.2766970744717194,-1.1429771408530993,-0.1270369028750425,-1.7262347840120666,-2.0631693351659495,-1.4411711780496832,-1.6433709070416604,-0.3959955075148338,-0.8908042657446247,-1.4845315419310572,0
0.4966182891306594,0.8900101268264297,0.10841247335290131,-1.6759410190991015,0.3958489134329156,0.1777219727368985,-1.073190055218948,1.6916757767040118,-1.3146373957920054,-1.9394054081418746,0
0.9830320009677809,-0.045501855380286525,0.3510524809546788,0.7027256732712895,-0.10526917848466666,-1.3515544406648314,1.0304275429753178,1.1906875448838652,-0.7846753875705005,-1.9839966831469544,1
1.2434164061336646,0.11583194900956444,0.42131979423243615,-0.23328856174639337,0.34991102707229893,-1.0041566590221855,-0.005721679890651421,1.1538764883011101,0.22860414557842074,0.8077734312917835,1
-4.039090993632669,-0.6755561593467891,-1.1106632699512438,2.1672459731329945,-0.8806350395246361,0.8013899424593363,-1.3426869532885415,-1.933390612335021,-0.4740315359130864,1.0994690810340573,0
4.175219206448558,1.0474969148759905,-1.0221362438736228,-0.9196269384375572,-0.23780871929240877,0.3913600141464624,-2.8607575264125638,1.308362094250413,-0.9457215875184727,-1.0567094483632247,1
-0.020110503034821425,1.5723062561857772,0.6276112125924505,-0.8903770582600778,3.8896841886673448,1.2516003196940533,-0.9130376875169257,2.552629065236118,-0.9009700184262551,-0.9068077260268592,0
0.8397597169128039,-1.2447668741691826,0.4901815174907414,-0.055733939893613596,1.732549807430638,1.6226675414718734,-2.3490584197369495,-1.0827220706922982,-0.026483628288828647,0.7548991665498829,0
1.8510836852576729,1.9566099625857163,0.2262633165688082,-1.1775186159066409,0.3563755743385725,1.583823021569131,-0.5929876551719491,-0.40919394124176534,0.790721018540406,0.1378957758749067,0
1.4346962901195757,1.215480593634632,1.470432303012538,0.7022764275515784,1.2930044771354998,-0.9071040012194483,-1.9499176583721782,-0.9956516871896914,0.06593759342798698,-0.36389378950892304,1
0.21083604168395575,0.5414440993897373,-0.7620415273876496,-0.624084745037494,2.7508919332835506,-2.5234067186189435,1.8125219984586778,-0.1276456203669467,-1.0779058611515868,-0.41149124122128045,1
-1.1965922003037468,2.323266984454728,0.35697009739526736,-0.9106425200879945,-0.5246592333904172,0.4430273715158455,-0.9002754405942966,-0.8678162629140214,-0.3710567148003856,-0.0503999505990221,0
-0.5012537807686788,0.6437753809379322,0.12470690303046499,0.5058731822029174,2.1302133910598147,-1.2511764489396793,1.6869856198874182,-0.5167838005277248,0.5619406165101333,-0.3700632845051798,1
-0.3659341414447821,2.0531401837412075,0.9692305876119747,0.8277079982342662,3.656978281372397,0.743525887901626,-0.9621914398703515,3.0713699860050805,-0.35476852115876417,-0.27888363747316974,0
2.4397895146205997,-0.30647749211043135,0.08778119984983719,-0.0771647752112645,-0.6840309388995652,2.1601161828991238,-0.5566517957433048,-1.8624433600484684,-0.14458871698605452,-1.293302819209767,1
1.1655431515326278,1.1970945262589563,0.02468776388565832,2.09018482476606,-2.404560405704074,3.8648910689774416,-0.7727362379847326,-1.432565953939383,-0.7513885026828745,-1.9631729098813249,1
-0.9771653755847864,0.03014639878201458,0.16238318513304686,-1.4052818872548896,1.5946126480661595,-0.9871648231766375,0.9025362791829421,-0.11053939120672851,1.1620077042712105,-1.2287452557521887,1
-1.6097895145718268,-0.11640489946110076,-0.782757008879377,2.000107691885334,1.0001040020619523,-1.4492507765595883,-2.104517604713321,0.05723410964866216,1.66675312854367,2.3834570366468655,0
0.27838450759511846,-0.6290567313584048,0.4565023351677955,-1.4764636416218018,0.7312485208153647,0.7151073004019334,-2.235666552795251,1.0658279633802807,0.19674232376570605,-0.25056036861869124,0
-0.058717814161548976,0.11159971690151374,0.11831114811666943,-0.38234194097565327,2.4303076658874554,-1.3417907876258068,-0.1592895458965855,-0.8112101196297863,2.3716035801677697,-0.6935408894621853,1
-2.8262113184936215,1.2512505965246858,-1.839565047822103,-0.2251054046798361,0.26983235960380714,1.709534530358435,-1.354116218403695,-2.5252387535683902,1.3763341586771942,0.2863333298670089,0
-3.5800334663790356,-2.305645505204216,-0.11053290748678851,1.1548911426353936,-2.372188143158251,1.2071620288054756,-0.7238633697175288,-2.0856703090644793,1.6609919041406227,0.707586457485561,0
2.0455912976325696,0.5047506885713305,0.7147435391677069,0.6073670857057871,0.07921712303206485,2.964423094365757,-1.1010902780373921,-2.192124442759621,-0.22772100307808643,-0.7754155363065609,1
1.0997279098928516,0.17907053145719495,-1.394355666669233,-0.7874753048877547,1.1857119195284795,1.0985699648569083,-0.5674255152656674,0.33679941951281556,0.25442645742672076,0.9917503454465558,0
-3.980239064870299,-0.49499019890806567,0.6558681791462481,-1.1878284133709622,-2.1803777425390827,2.8664767232503405,0.1840813165979871,-2.588919919284626,-0.879638932722936,1.8563936983248859,0
0.9350663193087987,-1.3680741085319892,-0.32010047635008365,-1.0337348667080686,3.4583370095288632,1.32136997904231,0.7315589793240971,2.901847035400203,-1.1064745561139018,-2.4050695499102095,0
-0.3246240726408116,-1.4814469796527912,0.1498670913877777,-0.22937568736475497,-0.02001845832212945,0.3762637827183877,-0.641338183611299,-0.33077024765580987,-0.3446612859620184,0.010933013243189653,0
-2.294066707214048,1.1463660752968312,-0.7405637783370573,1.6130357374638709,0.5103278047561174,3.645581432948805,0.3921495154363859,-2.156769635175912,-0.28638267017338714,-2.4943540007227973,0
1.4402851858494012,0.5681840033403978,0.049324836699559206,0.6034810103015367,0.7859563912845573,-1.6806143303254744,2.9313437338555124,1.0757590403159984,-0.6960201616009518,0.20866348324991468,1
-0.11514407553230821,0.260171890336454,1.2145080117778038,-0.33825664424707685,1.721547752128354,0.4819049157316575,-0.7280802513552616,0.192324711840137,1.4011040654640814,-0.014693753025559694,0
0.350607452153058,-0.028168270152338536,-0.5415658766108851,1.4269674044104097,0.5887380111652467,-3.3243534872309484,-0.029715172723073335,-0.18823364690484545,-0.6799362542946168,0.7102985786210347,1
-4.269815819578547,-1.0049759150998872,0.7889701250469207,-0.6886180485624596,-1.9110997306155957,-1.0393768948199043,-1.8134626520967077,-1.2462718979022902,-1.1088163212865454,-1.8115918203349892,0
0.2594636340208929,0.6009383807117264,-0.15742133377341097,1.1263475324349776,2.6095173215606944,-1.8738223328458259,2.307357826914207,-1.2424343146627765,0.13617467474782943,-0.0012678534874969365,1
1.1440832008749031,0.6694380133932271,-0.954457012652753,-0.32074638863455823,3.5283843304028344,1.3770424357410427,-0.5534047158825621,0.27486052733793187,2.4388567065792515,1.0974298314165813,0
1.60021275413314,0.6787426017187439,0.8491426059321912,0.2735287711417637,-1.6124807461731674,0.8605202529861536,-2.2438685409696575,-2.173444928986077,0.05138541062432149,-1.2745191073073694,0
2.2080626640393772,2.0863754175513516,-1.0078023315985045,-0.4504631508837254,0.365300947257452,0.14046374174241683,0.13580327438068607,1.6606516796088857,0.2789123650819429,-1.116865971932945,1
-1.060068172984391,0.8635713591358122,-0.42632681486826046,2.0877459858751446,3.1410452797982913,-1.6127508435089992,0.6038162097885723,0.5280022261856208,-0.09020717500783575,-0.23399757054656292,1
0.36014167946113607,0.3481068147147108,0.29674848097815815,0.3425189711405081,3.438316680688571,0.8997202947369102,-0.8566530319716571,0.06324269425030526,1.1061868381238813,-0.6367951015495571,0
1.8196777392216679,0.6534786562187336,0.38580277512469857,-1.3204681310202717,-1.0964199989237626,2.319849012192126,-1.8278221994058683,-3.592840501255724,0.45450257208562816,0.639125763478494,1
0.7385613824179824,1.0001293357539818,0.26390311721875853,-0.34876446469964173,2.2284280370017004,1.4322144083266217,-1.005670806090443,1.6027631672079858,2.4372425759242193,-0.15554946862932667,0
-2.0794092269679294,-0.6866592091733184,-1.0293626899886377,-2.8388403307831935,0.2047944542623269,3.0211315338032816,-0.37109835894292553,-2.4724068695488945,-0.5115852052062981,1.5751373210879114,0
-2.24414620291373,-0.4216085853111196,-1.3308092618619995,-0.6823110722071305,1.0129737449931338,0.7081978411045013,-2.030623502894124,-2.0197332913410513,0.6259704749887176,0.23424404203927096,0
-0.052550438813280254,-1.266896712926594,1.2571027806551944,-1.3370751078878382,0.4760950896203682,-1.6695785923541206,2.367510387580284,0.4974034922025061,0.43866796255825996,0.33693433014405205,1
1.2056307358473832,-0.5871541590312039,0.8262494226728235,0.38934239421973693,1.0040812586670829,1.1977184037286257,0.25349636020524624,2.6113491121443078,-0.5321724562434457,0.08595738801721546,0
0.449107596537184,0.4730826719950572,-0.1297722243984588,-0.024718556623273127,-0.4117098309519618,-0.3966286295917063,-0.887568377765257,-2.049479758966008,-1.0241826404477345,-0.02471086506892419,1
2.7069226012312724,-0.17414071713024398,-0.25828866331511835,0.7075423509341688,1.280272503153494,-0.9637832694576428,-0.3156287043396193,0.26221191453847525,1.7141834666243372,0.8686752713391771,1
-2.140411659149887,1.1490280629982936,1.034360098014559,0.004910558563553437,1.4474759283559775,-0.32525142913997906,-2.0907194169284242,-0.972022091585097,-0.6235590552991402,0.9615000943039684,0
-0.46567629855453907,0.8646729305935682,0.8963993405043827,1.8085899671214083,-2.079091681409695,1.9778110773830824,0.009802479646078055,-1.9025443517898109,0.6273920740836848,-0.9570810772666166,1
1.507572222949951,0.6611027776811732,-0.19678094887698314,0.8773505067396974,0.4491605334454494,0.9553485871315821,0.2637804047028425,1.8626615114681657,-0.4009151935441269,0.30983759319992266,0
-0.33460550249778365,-0.8939283230009163,-0.6955483344918731,-1.6019750123696794,-0.311265813391435,-1.9166858604309525,-1.544466032276149,1.6800098297303503,1.197441376549668,-0.05696568026326645,1
-0.6379199304982328,-0.06821629173123701,-0.23279200038544726,0.23993527772492584,1.3871349757925038,2.9488998758135736,-0.030295837259091796,-1.635561063302677,-0.15518063225233406,0.7273302849030036,0
0.7865599202621858,0.15121834399513978,-0.4143897919652327,0.18379937299342966,0.4003365645272111,1.2543639525176866,-1.5976004182632697,0.6341567787111223,0.09450765304739081,0.8569962449162634,0
-1.973811735325536,-0.2964154436547553,0.9533975332379796,-0.11101346213176101,3.020043091893289,-0.5488800499220152,-4.258034389016135,1.8212718235371406,-1.4619937798268778,0.8262314899624682,0
-0.20107232843539924,0.061028583556320855,-2.2303204247730286,0.7051733219097177,0.8906355740663349,-1.3796256539842424,-0.032959921078907106,0.06479291077045368,-1.62246533089256,1.880803518793316,1
3.322383246274916,1.9792864055014634,-0.1340652496363761,-0.5966033549083545,3.2044841918848213,-0.3647711499390479,-0.6844199242770417,1.368530633925281,0.0731986281627831,-1.0734607447026951,1
1.7854194565460308,1.0637739837855766,0.3548738029360466,-1.173245689947668,-0.12211255963608325,1.2457266253876074,-0.1580803167558359,0.3034179698492062,-0.9538890884133123,-0.8688460783184304,0
3.466084162503973,-0.04749744545486307,-2.197913445574011,0.8453913832780725,0.053324926058771926,-1.3303540645333491,1.245124663118267,1.5035557223706943,0.21024622000229307,-0.8825604114455291,1
0.3762292965560956,2.0737786828032836,0.8611845377637809,-0.6914122042764048,3.9696100966603076,1.845518203514843,-1.0411971690402961,3.3308818927708232,-0.7863040531383287,-1.0798061676931627,0
2.148308024812205,-0.1511522866234305,-1.0731785094754698,0.6596997699307984,-0.07344443515540688,1.4685205144487579,0.3567238368811534,1.0041737246043558,0.02479863462860666,0.6866281919461598,0
2.322471997049381,0.25695743818394445,0.7030651467411015,-0.6483003273443845,-2.564012794368927,0.19971846794684345,-0.8138926775736832,-1.7123588600776092,0.11758168066188653,-0.5276851944169594,0
-1.434376967374516,-0.9545493108244779,-0.8183374833362532,-1.2944933548580115,2.029284105648676,-1.4913823240157584,2.9553065822525477,-0.11409319499877713,0.8627049219900169,1.3244826258410705,1
1.6283073161253048,-1.0401663052212893,0.09373330317385331,-0.11908614349605941,-1.768582684698384,0.6717991683675961,-1.1877446609290443,-1.0097235141888299,1.0886147013193521,-1.6522992883621435,0
-1.4087386950542007,1.0484848737045507,-0.5227749482165637,0.31955410121987704,1.9510629364591763,1.930720200105254,-1.346132339739385,-2.007284102090644,-0.9858104964754729,0.5027972945255772,0
2.7442389430842455,-0.5722873725943023,-1.1087815794105107,-0.36792921814495894,-0.8549347271159065,1.0870125795761507,-1.5587016992104825,-1.6525684113468844,-0.8447209707679075,0.5319253213688535,1
0.6813526038063027,-2.059781569210089,-0.13259355462133912,-0.7584976535731471,-0.7000193711041713,2.161606262980002,0.46977513438145935,-0.6886250159244982,-1.7062608199696396,1.7467873866019517,1
2.5979870571282073,0.7437158203998124,-0.672175191250047,-1.5197888033519922,0.5663352699765507,-2.079682463961015,-2.183397097341424,-2.5193024407538855,0.5559487499581871,0.3408816594615606,1
0.5912473455023057,-1.462883937739432,0.13159296056186615,-0.6545495398363831,-0.8834758852133165,-0.5715977761359374,-1.2261408052433402,-3.2083842651347005,0.43145995772721546,0.5717058930363165,1
1.3356964350734208,0.8645719724972687,-0.2046823681201177,0.6213903365383007,3.9663580426401706,2.1936040759930706,-0.27070740190226794,-0.18650939914147213,1.2751244046611432,-1.0567856331498822,0
2.289993512056332,0.39015394001345316,-1.343470279529558,0.8619647560864865,0.9775502100761564,1.8037125227147917,0.47317656805937314,0.582608915043678,1.183920483851373,0.7506927951289866,0
1.5230467821043434,1.974396744480029,-0.18588543607289654,-0.5865289930926361,-0.15786183081393967,0.879694445391214,-1.138564329560395,-0.3067035038620092,-1.5580727358535134,-0.7298695864625924,0
1.4935844323024559,-0.1379112517114806,0.7665513543377717,0.215220732950218,-1.397447417094201,0.7233993368545463,-0.7734517857274866,0.291333843876561,1.9992396963335024,0.6803837384236716,0
0.4386622203641424,0.007349575464749858,-1.6238053114724023,-1.6638403732769556,1.802063564217941,-0.16003944584059981,-0.9962577064079017,0.4631074741011141,0.9208158658799955,1.2790399164592539,0
3.7386948766870636,0.29188002611631647,-0.6207337466025565,-0.35268489899558153,0.4028919461306506,-0.8516285310972935,-0.7677617954763845,1.4465813633519187,1.3776074471743054,-0.6947814747351655,1
-0.5162033906054349,0.5058619098405933,-0.3985069178825137,0.20946196973019687,0.874784602105953,-0.5661089437152733,-2.3424909374089107,0.8787083000404354,1.9908946329442072,0.4861712414658739,0
-2.230464260344713,0.7526995710756373,0.19376457864482052,0.6883869307128097,0.11607070063957714,2.8023556061971986,0.4822952769733777,-1.357300018991476,0.03752326159319303,-0.19155715846824467,0
0.29593612067824815,-0.5714506046542517,0.9289250606418465,0.13573304258710203,-1.8460963364045364,2.0426890085021396,-2.0149144873104072,1.7150812466456364,0.9661713059476548,0.22495084443915328,1
1.6413996511276792,-0.27675103077825325,-0.9389931962291679,1.2744351442728192,-1.1893546339503096,0.9149596468332603,-0.6874485687486109,-2.259527526140401,-0.7498429227081852,0.9261745266851372,1
0.45821971486642,0.13378906286510542,-0.8115535434762642,-0.9058201794228425,0.5274591671033333,-0.2158739408242445,-0.6959029402156827,0.514863862264163,0.5771933171877279,0.7533844599846924,0
0.4906735512256438,0.29026080540354937,1.7114017557841346,0.4069067258566319,0.4076713919893985,-2.955454902282109,4.816315648634562,0.9362432906534441,-2.153276072043633,2.473266082762811,1
-2.1108528757308864,1.753825244849748,-0.49017850813700087,0.37635488861189087,1.384977330522351,0.2586222630968973,-1.9554739087984612,-1.1996227372607813,0.6120825008037826,-1.266191019612826,0
1.2428547133112873,-1.2847961599318027,-1.1208471535655697,2.059917908414474,0.6002905448445915,-0.0510172580784366,-0.1082108656501739,0.22259977310752188,-0.015238046500086614,-0.008734975897599313,1
1.6686385565207513,2.577054329570032,-0.2759102124020307,1.2122600577854137,0.2818107324385559,-0.5845751004393276,-0.43079667592294113,-1.4658118854352573,0.17448819948773614,-0.9637605983755171,1
-0.8568563932097389,-0.5921141931896984,-0.6881370621515897,-2.1940903997612478,-0.6482536805972601,1.7979799120220865,-0.3790112171403469,-1.6484701053752184,1.7710211503980606,2.432636324021755,0
1.6743954367904768,-0.7751476444510823,-0.7221392166288632,-0.5401305925079748,-1.3333100503315043,3.1178554782654047,-1.3438807338910466,-4.200337807107877,-0.7006263702385763,0.9830501486789515,1
2.2934920053968626,-0.012143411138766203,0.24213315567402635,-0.39092305952474016,-0.12000009568943892,1.6737664630764435,-0.7003056454431098,-0.2363553794073252,-0.7051820240254287,0.24937028272765205,0
-1.3111471422990664,-1.3249160194224634,2.541341032030526,-1.1564116437728786,1.7660482123775871,0.6640993863337421,-1.0372447181148439,-0.6239992325456577,0.8170366862591912,2.1192403872289507,0
-0.13243837145832438,-0.12958111109198214,-0.6374565243176132,0.7364137445360135,-2.105512476681869,2.59262099273732,-0.5802634317289278,-1.2085412886278248,1.6345516920769652,0.8084111769326973,1
-1.1738379263047318,-1.2192863858260627,0.7881218046934625,-1.5313406139581673,1.2537212744810264,-1.3526167613680138,1.564161824498619,1.350407988347046,-0.8018621768380816,0.15984057716539674,1
0.3109406907283858,0.5502668638209331,0.2271338286934484,-2.2252959027767756,3.8623197237442457,2.7537474524154977,-0.15422168574534256,-0.6928318548819552,-0.36148220557752314,0.08673076130718821,0
-0.9121364777805693,-0.3280652041944946,0.0687968783396897,0.04580796853159671,1.316790445479288,0.21566169094652443,-1.3800983403831721,-0.45535476704570543,0.9689506522521703,-1.011781175722834,0
1.040816756264046,-0.9189691210547781,0.11867908406769122,-0.028551984535682258,1.8290639360795378,1.074510805066391,-1.1203231895021752,0.5546654791959841,0.6473326855134786,0.44051960638091603,0
-3.3132042692910697,1.4677833053712417,-1.507208565856235,-1.9413368380718552,-2.041819966637156,-1.5170053076396703,-1.9335218246123664,-0.8389185273267034,0.12845106724629307,0.4585549740189212,0
0.6598131063135131,0.8162218725571921,1.4072997065345885,0.5952277718342022,1.4742685855060258,-1.682733471127802,2.894655845130319,0.06021064761203154,-1.0585682782565227,0.4078100146177539,1
2.758992291321613,0.9480843874360897,-0.23370501170845875,2.188498986095991,0.07789082614879017,2.3540856344468644,-0.14507379788110153,0.19497709104098593,0.22441720794411618,-1.5202660808946518,0
-2.1604754734682636,0.5140481406864676,-2.034248859510923,1.2668472405671247,2.468921477338843,-1.829943287517838,4.80805389707686,0.23970797847588454,1.550630593257668,-1.2422492314691227,1
-0.752874732824725,0.6960654170770493,0.3176463690106352,-0.567917478585953,2.0186875539738933,-2.5497309787256137,5.685693349562584,0.6299395020881096,-0.4649261744158378,0.47404231151220627,1
0.3811197856537796,-0.03485195049100507,2.329617483453713,-0.3448497524065404,-1.5014130494893272,-0.604879973156321,-2.396411319886627,-0.9555298851740195,-0.25804243022206463,0.1705653832079994,1
-0.22888483762284673,-0.4763977606015151,-0.14265419808920418,-0.44443329292291694,3.3477504039320793,1.242495884462358,-1.7681795560286013,2.6288244150551856,0.22525845349509843,0.055042557281043424,0
-0.09009912024783362,-1.2091481328792792,-1.6799057465048952,1.20243090577956,-1.1209132721521702,-2.0666050033513597,-1.6779363878766835,-2.7499747150084364,0.7576109369263103,0.1249671907916849,1
-0.644085648898915,0.3415594734479631,2.6041583532456154,-0.5467841559157098,0.9291715206584895,-1.4485839847688378,-2.7428999667754663,-0.7123430908911477,0.3941288958921099,0.8682116183855557,0
1.7643821673919793,0.6170630447352031,1.140858986701614,-1.2450344592513576,0.02407536137702515,-1.5713924934133385,1.5586663878645677,-0.8812000359271919,-1.681880355022538,-1.179541058580728,1
-1.4931549207498969,0.5173372946836405,-0.6288979540423771,-0.14990111465838005,1.3688732859938126,-0.9934305501898775,1.1088578964443478,-0.4591134811612747,-0.4996133236214773,1.8293296635272782,1
2.006472488290317,0.5862503755302528,0.26531887044821906,0.16401595664061125,0.2976713651117364,-1.398006739401441,-2.126140459039094,-1.501424113400782,-0.8319258239334376,-0.5154963110282808,1
1.3050840224886013,-0.11129290760530697,-0.08825146273128724,-0.46621078219393086,0.6057889236101373,-2.1295293546480156,3.4438429970803983,1.2494409327208311,1.7662398602994058,2.979054963801388,1
-1.186603016217925,-0.8090726619424522,0.9179431915621112,-0.9580219076852879,-2.034631904579413,1.6302828963960958,-1.4407092621018103,-1.414597862438399,0.5850713443840813,-0.05152943818644059,1
-2.1606432710904784,-0.8013912702625892,0.8915212184058299,0.06205134882299451,-0.1340101790522028,-0.5766034202284112,-1.5361510724737995,-0.5569813250265703,-0.9472030111595046,-0.24913924623956143,0
1.4401379839356756,-1.1252648898076596,0.7616721862950018,-0.03927330695157529,0.4783831680034849,1.0073616801450245,-0.8994233681833603,0.45809908887899,-1.0935322864596726,0.825954155620064,0
-0.24977677989850866,2.8916586930758936,0.8439710244055942,-0.4422289258774891,1.393291527325681,-0.4547411172238922,-1.4944117208813141,0.022084038923591454,0.7939465334712549,-1.7868112218136827,0
1.7197130581392828,-0.4989511237259181,1.1228254938852753,-1.0713083276709745,0.7199286536054493,-0.37690866228025777,-0.12584599854170975,1.995753461650268,-0.2793532754133253,-0.28358112214153597,1
-1.123291381389895,-0.677113945880534,-1.3367852010836798,-0.24980315433531908,-0.9185799171672739,0.07388586949234133,0.2749355377665592,0.650236892358325,-0.6739213776630413,-0.17436412025215542,0
2.5668685632253654,-1.2737428853658157,-0.9917726460793398,-0.632468416310135,-1.667893322874405,4.212771479626662,-1.2247180045026222,-1.896965586692149,0.14740948232724443,-0.692788987709958,1
0.32539024965195484,-1.8939935928422165,1.330157225136864,0.04572279568544535,-1.9635581650296001,2.6975077363669016,-0.049830837986885146,-1.1413588426508283,3.544065010959781,-0.14913383106290795,1
-1.7244673093288125,0.46815197968425365,-0.2025229974690826,-0.1317581881917793,0.8708462247349419,2.4338909700590117,-0.1774660899823277,-1.4569492828612478,0.25723775067652227,0.17453140834448458,0
2.003507672676358,-0.6406836367077731,-1.0324789678948723,1.4822994861529117,3.3423439878385097,-0.45181124072971834,-2.1442139539787504,0.458739559322203,0.04481819710016778,-0.15229797849414675,1
0.9666684786680076,-0.13679690475734085,-1.208590524242342,1.407230011383635,-0.0255538487674416,0.053723279259836554,-1.8829894537301046,-0.1502039886995663,-0.6262245956364498,-1.4112550051696995,0
-2.2451754423929096,-1.378374472320688,-1.487359916725743,-1.12611397577874,3.435940204202721,-1.9340879434496552,3.137968291932823,-0.32776556034679216,-0.499635403112483,0.4106739732747986,1
2.0216878122511366,0.07701399598375847,0.5273096933995635,-0.16046355181704455,-0.0015764179009933876,-1.6595603580201364,1.2921913763215995,0.7000822131084998,0.5928122348342872,0.05236289720326249,1
-1.0799691054059504,-1.1411658156596491,-2.9227087990570007,0.1566588323151004,1.4493479200481318,-0.3218080666812597,-1.785512202567984,-0.3805073104261435,0.2163322178996688,-1.1438872848255242,0
-0.8557197849925793,-0.19944371588805515,1.0036907111120021,-1.9264549394595483,2.089245288279873,-1.626275308275636,2.910244982852319,0.08418412780020379,0.43558791669183916,-0.3034836298567393,1
1.7438016854042733,-0.33037606334097747,-0.3054700292478684,0.4350783381858596,-0.5140059852391872,0.5507634152305034,0.08669440799936434,0.3249839764518674,0.33653838187097995,-0.7447569552398373,0
-0.6789302870161531,0.8638716595520065,0.24295635213135128,-0.697283680469814,1.557961261202009,-1.75864786190292,3.2072693880537075,0.5733219852146988,-0.3885160223564554,-0.243078056079208,1
0.5163128512174624,-2.2546108782927172,1.223931818468504,-0.6852505475370957,1.4423808272935639,0.4925177447492881,-0.38692290323133016,2.1654263330023067,-0.6681359300316102,0.6141129671981066,0
1.0830358554444994,0.3641085442426688,0.6012579620436356,-0.7848299034326331,0.023919893178923513,1.358686355203346,-1.765862302174281,0.5396071422360644,-2.184492735051809,-1.4107996936270562,0
2.076057407345729,-0.5658235103536783,-0.030656105352437783,-1.0377048220344753,0.8648407535290712,1.0594612223999595,-0.09276374216597916,1.016262398983637,-0.4853670441109201,1.1631935189613771,1
3.6437438158855047,-0.8454321838049752,-0.8241334836717221,-0.010742546650795135,-0.2937918862845308,1.1261596179816873,-0.8481586250523625,-2.361815364641481,-0.11536962821082757,0.9362057375372537,1
-2.0296814774845937,-0.3982059237192233,0.8224323117726177,-2.4263175734587334,1.1333366251099288,0.9282184246280287,-1.2139115305321682,-1.2239540900269654,-1.0697790431091505,-0.6491461847589073,0
0.5140987470603666,0.24893210596026719,1.0710204721128358,0.3082213115839804,-1.6050674170752823,0.3000263237435249,-1.3037400593259414,-1.102169489525588,-0.10527061557930024,0.09192603700722637,1
2.802420624997988,-1.2743851344689174,-0.8028080349487572,0.006964223441937532,-2.9926966461211264,1.1640610907979372,-0.34863483854653965,-0.9855142531176193,0.8403568239355511,0.29703947087987503,0
-0.9541764435407504,-2.06763055408835,-0.7687182605183653,0.01318026088668942,0.4667805033748962,1.483338049673722,-1.2000019206871215,-1.8236148657824411,0.21876473678477085,0.10045295045211468,0
0.6987718242416104,-1.8856579482609903,0.6522282001166947,0.6226270398123211,0.7282426960666983,-1.2184578145968823,-0.09328361462368806,-1.5710617785045207,0.5090461386740671,0.9681200772406187,1
-0.15570020048517574,-0.3153541780306752,0.20916981068875165,0.7555152605285028,-1.8001285515722707,1.950686161495277,-0.5331934282083779,-0.8925763365425853,0.0035048316686189687,-0.4457517579301611,1
-2.1425417153832345,-0.8465118444436109,-1.0099542026761599,1.2638538399101207,1.5584984012792364,0.9619067453292387,-1.574547496125792,-1.544069678015313,-2.0129080438933564,-0.7287293926540226,0
1.9727330075419407,-1.493430736034726,-0.08839991679407365,0.5575038210338372,0.7047614954488344,-0.06755835250906805,-0.7095005396483802,0.6323938936559756,0.398062174853005,0.08724143782060971,1
-1.1427337407940459,0.3036042712837195,0.23065792520835698,-0.4094225730308178,2.5894443863595162,-1.4035261794411165,0.563228709932712,-0.8105578286620165,-0.49627753308969913,0.7145306910521688,1
-1.2368453230095238,0.9727103929221741,1.4247188303170473,0.5859117572783072,-2.3372714682442104,1.596755409625469,-0.37459403084518184,-3.4714160598157497,-0.6066308273221378,-1.122484323722866,1
0.8697494716722303,-0.9182033728509937,0.810577920330005,0.9110273089999276,1.6610389631314404,1.3865563669521141,-1.0559490248072776,1.4238262185148103,0.640960799203096,0.9007077190419958,0
1.5895820540140648,1.6463292076954565,-1.2846395953877447,1.2920536322271228,0.7613477885363029,0.018181245418372072,-1.361424988724019,1.9859394531382328,1.0078568974549134,0.6778539748410302,1
1.3991691386310354,0.42108499021980617,-0.456104849749766,-0.07777270026441621,-1.9025072197378279,0.3895333555437057,-1.9545665392467506,-0.5626113340696408,0.03647217665420908,-1.0396339428247796,0
0.5480322407493041,-1.7181374903760358,0.6726257608719525,0.6660345733898599,3.0828430456125115,1.1376076223616365,-0.4175897353532848,2.504969056768815,-1.202803194645333,1.7707056507337993,0
2.787602841819583,-0.9777782109588511,-0.794062257036022,1.4657172417040598,0.8073040985734946,-0.3319535425413508,1.1266803898452895,1.9880432927488751,-0.42207188508969595,-1.2516035924647442,1
-0.24624804653176302,0.811995575354132,1.472137828165119,-1.5404110639503477,3.875486103142903,1.970616206590076,-0.6847045611842573,-0.6254501386047584,-0.21651061809936764,0.7954876949548881,0
-0.1782924775333985,1.7092071543529632,0.2632459217265814,0.29969555555109145,2.0947580690448353,-2.418721380506808,3.634154290093212,-0.31678601521715266,1.9390327007979793,-0.717904892909212,1
-0.6122143896509744,0.09885944501101981,0.636670153695832,-0.5673638056071063,1.4362066586151003,-1.440799582601403,3.0598513728670285,1.7409103877686416,2.5074952378588335,0.20158011419959287,1
0.8788603980687696,-1.6052170156959435,-0.5038392538876806,-1.8614844505554884,1.826024687561437,1.4832688539340015,-1.0232341267990293,2.208717833909815,-0.9270500919253337,0.560652519578775,0
0.5740967927010682,-1.4239938496960118,-0.8650096430108425,-1.7665987194139492,0.3590679588637341,-1.8373895250080499,1.5475858371938982,0.6325819027978814,-0.4937275860582207,-0.5173465729392782,1
1.6252856659220911,0.4869606394296784,-0.33331499450800395,0.7528483312002712,-0.4475874513214163,2.2656320678728505,-0.8169870555321109,-1.4957764854156506,-0.6554060396046076,-0.40530106080334305,1
0.7372136514316414,-0.44382347969133185,-0.19960467236367965,-1.3043069235264135,-2.721565707878608,3.253912553092366,-0.41652790888431446,-1.005515478600225,-1.5644539866239684,0.06283357291934077,1
-0.7975734393163274,-3.120544022943797,0.04886918330515309,0.7707688064351387,2.864678909845641,0.9206002444405452,-3.6593926967383106,0.7844964343771654,0.20991553398349078,-1.839401584186729,0
2.394748443059443,1.0189958316879406,-1.1577492458637992,1.1827134318744033,-1.0100611016323255,2.85090129899102,-1.9366490827944565,-2.6682572880374242,-0.12680196910485925,0.14930524122544148,1
1.7654009350511073,0.028428263711718648,1.3963475039118443,1.2907055153121305,0.889596757026264,-1.1403689531426242,1.0677505654585613,2.5453227885748637,-0.9341542070495419,-0.25998392525270525,1
0.42451745369116933,1.8400366231016745,-0.2591252106328507,-0.2963072222227201,3.1123223646770226,1.4804137530993806,0.4313740264049961,1.0795459186924923,0.898549500341217,-0.24702307363726908,0
0.52048889494337,-0.022597833044902496,-1.6742271490919693,-0.030041156748162053,-0.6330213381497672,2.1200485278085015,0.1194959637251598,-1.0696520661819457,0.989799345927511,-0.20756156621926944,1
0.8067004447355455,0.10103348798279618,-0.7848762463576265,-0.09785077021512495,1.051447575439469,0.677303505707058,-2.3919791961116235,-1.0228971398653668,0.46957889689839183,1.7726916608999155,0
-2.4905082257643394,-1.0168839855478449,0.5494295074357635,-1.2290179365531857,0.6538148917857244,2.5082092729123806,-1.0317388395922908,-2.706659314325317,-0.505344892200297,-0.660028148910743,0
-0.7147086856492622,-1.0127080166616316,0.6820781957402268,0.05667029407167183,1.199321677262533,0.6553028642364012,-0.9786864352556353,-0.5231771961227019,0.8571303317527184,0.6543739593936179,0
2.4444345704000914,1.0547778142766568,1.4512546569546128,-1.1815231616646271,1.845734997990744,2.641161044816,1.176980243252641,2.3274990415301975,-0.03602103575443992,-0.7394144316026904,0
1.5211922619309695,-0.39734803191811113,0.3713818416034398,-1.7114884853649401,0.19050768391142325,-0.370090945998824,-1.4950035511527577,0.1289726001739675,0.3505014968221044,-0.5644534338641156,1
-0.4301947660091079,-1.1047263050976748,-1.7445649518980362,-0.7809697071601542,1.3084562853788706,-1.994761807821552,2.1788083561375964,0.8229875272059748,0.6593081195113274,-0.9216531197782624,1
0.7626591277043184,-0.8687763509936559,0.46245398612712674,-0.6584099351183408,-0.47185571563188655,1.0414324054322615,-1.7409375136691585,1.0600746055173962,-0.6050667881147398,-0.36278632753417206,0
3.399132780870246,0.4565998486985019,-0.3421465631234604,0.8458511844690035,0.2285660411012368,-1.4279658815505076,0.7829688891633998,1.5538358543091877,0.21356119968924533,0.531665595938595,1
0.5098460946351835,1.2924293743370827,-1.5795054170872729,1.3054024262651662,2.3170089604065804,-0.4009500689919552,2.2121527803903946,1.3886998692481631,0.5900047611044712,-1.0385563060358844,1
0.19002464851473078,1.0357324669729413,-1.2860835499599486,-0.6478173012280894,2.4508075847935507,2.264099646993018,-0.756922908175137,-1.4875779517435987,0.7481957843941472,-0.7482103149624749,0
1.4506403661975407,-0.18018083137286925,-0.2601753497955941,-1.4360915125350566,1.4022257562737321,1.281030081121705,-0.24751029455612206,0.6200382869459058,1.3714747821409226,-0.6564299636141254,0
0.16451510642001788,-1.4817672225794876,1.0627695995287993,-0.4491317409544426,-0.9279364670544603,0.36080208671417,-0.5049997563575898,-0.3838353847391329,0.6638413612554662,-1.9269362882455545,0
-0.6113578562949421,-0.17458772422775815,-0.14736013475628804,0.6604209359413116,1.8648629890969357,2.6262695442559876,-0.9513291172577936,-2.2508597846277265,1.0807204988869867,0.0314270093538459,0
-0.5279326242683451,-1.4524983970876972,-0.3877617827065225,-1.1412362168447279,1.3062768852509818,-2.0520881450237116,4.490632851405556,0.9162764812766022,0.5216912595809831,0.40146414186699486,1
0.11590163408759913,-0.7076205368687772,-0.34541542406383324,2.64684602298873,-1.736839586536735,5.943272189880148,0.2596700501421747,-2.2671972776448612,0.5453894809246739,-0.21253102584369113,1
-0.2755601065156412,1.3768858861758493,-0.648460010942418,-0.2548996154888451,-2.5497747866000244,2.04189663592748,-0.9808526342653481,-1.5064663797645996,0.7628086895732948,0.23136232434129073,1
1.0680278669765646,-0.7468482589920851,-0.34670953287600176,-1.5004677127830177,1.0512223681841535,0.5663504347840895,-0.37050312502905103,1.8673334849986905,1.9072978364265534,0.9738462572598192,0
-0.9271930775916288,0.37888378780283605,0.5192603543577117,0.631016571988494,-0.8646192093980692,-2.8581874177867834,-0.694621135654778,-0.9032751945031094,-0.16644600946993743,-0.6138692230737175,1
2.118377914507726,0.2590288214837144,0.5877782278896486,1.0022710356756102,0.2596428999139675,-3.8892841897956423,-1.6561292100667004,1.0965211265852872,0.004743359527588349,-1.344689200249953,1
-1.7802022292166293,1.0912989562952675,1.054127008309619,1.2737053478111904,-0.4198432799265255,0.3925503143999852,-1.1285093857511774,-1.0751557315924851,-0.058137294499229976,0.3460523100870328,0
0.6263529057641883,-0.7337772828073789,0.3370098008989906,-0.1836939663765929,-2.3121494830322002,2.530332659458413,-1.2769802330177857,-0.6098995765684516,-0.9395844885947484,2.280260230298927,1
1.7055751915338386,-0.38259338288737815,0.33340901239271253,0.10175105077163865,0.3769897256715823,1.1006809044757895,-0.2320033754926364,0.25215915356496277,-0.37910174834874727,-0.05605556594019711,0
1.2256029136556865,-0.3774009640534827,-2.1171716879951163,-0.9596633265554438,-1.0899773610767252,2.5009435836205443,-1.6064457977705358,-1.389880874577236,-0.17797974883261283,-0.010239397817224511,1
-1.3435105980951731,2.193602615610071,-0.3416466956483962,1.0859828944453254,1.9150085155348757,0.5567041357426554,-1.5949779235882535,-0.9890875512674759,-1.6808950827464908,-0.9998952922481001,0
-0.806081791961375,0.18347311871156718,-0.9441275564624203,-1.760262500580009,0.4485894228187881,2.1516726894462925,-0.4466984867524203,-1.562025811603556,0.044802456387939664,0.8055804745307268,0
0.9987502746860577,-0.9982930583210694,0.4792500958967251,2.041190503194086,0.6471038984691893,-0.06240999888610177,-0.47677844881465326,0.6841247581043151,0.2696677889872804,0.1431002076430992,0
-3.6496208506443963,0.6541280021710922,-0.014977773629630677,-1.1017743629397738,2.5836810903978327,-1.4746445404513584,2.525774836587732,0.7306957924435036,-0.7152209517993878,-0.9798387725414921,1
1.083905216728336,0.16221291724622397,1.941206008265922,0.035142224620872076,-2.0814064094014317,0.8825348325088016,-2.861189891594485,0.5700341403650313,-0.9644968199896022,0.09237914939206851,1
1.0988875903903816,-1.2191858277651948,-0.6302828007794473,0.2890220506054031,-0.5582236849225912,0.06455439867649948,-1.2951366998916647,0.2564604746395027,-0.10423797949803458,-1.7580551914371976,0
-1.7581303894807152,1.0099554967070807,-0.6383032414308838,-1.8672735516352748,2.106638979806236,-2.950068935288976,3.707712529884496,0.6988691428630983,-1.3316181162114358,-0.24195152465778313,1
1.058422188664633,1.682284096123216,-0.0393812978951484,-1.1349904677611198,-1.6580416000467197,-1.6328326954825707,-2.445341231722561,-1.6999520976464901,-0.1838305803201219,0.9327530959052602,1
-1.9494736711009324,-2.161596133238537,-1.0081299567768498,-0.2196020942255738,-1.7956729589099951,1.4359007612491976,-0.45283922110722996,-1.6392737763925607,1.2557661752685587,-0.025716964887102477,0
0.5669364932513206,-0.2754981516747189,-0.13461985477275235,0.1968313989019303,-2.5922701264490646,2.831622334647663,-2.288706607306924,-3.3433738888473683,1.117580732245625,0.11463787455269113,1
-0.9216541318740149,0.4124844627915127,1.0893393093166917,0.10798551668603056,2.3414858258251376,0.9889600431123724,-2.0185810120528997,-1.8641831267804392,-1.1652002870532356,-0.5894473186396925,0
-2.6123135820318,0.22505788525793918,0.6134719366917788,-0.4764801304514311,-1.457755623124529,-0.08813762536363012,-0.8498595733444204,-0.8002189814935528,0.061162567850915076,-0.6267922495600579,0
-1.1453857753005314,-0.8526850162328397,1.4072381367677635,0.12132728274562739,1.311547257540393,-2.086772933177838,2.7708494526258316,0.5381884727056248,0.19128826013625272,-0.2280932319970342,1
1.428819890670472,1.8544334333618275,-0.44469002715287254,-0.889491740488447,-1.5190321208411635,1.0401754315516023,-0.5604388360589504,-1.3292380167980018,1.375459677668053,-1.2325605624906806,1
3.934851674817397,0.07161839271028005,0.3291192134172946,-1.0632212407978208,0.5016288110193088,-0.42955500628414156,-1.1829212166264405,-2.297774570083412,0.6612305108643234,-2.718973238006895,1
2.326369381710511,0.24521217346835436,0.9687451087912454,-0.6906085414833233,0.7533996137313401,0.5866010868495042,-1.021543986225281,-2.945660281679218,-0.7945458080713664,-1.504246671044821,1
-2.0232661063884114,1.1491370484685344,-1.1808359169921354,-2.052874420349235,1.2392606025765227,1.1366317126159857,-2.166719665435626,-2.582407245822547,-1.5227145097905055,-0.24237661538640737,0
2.1796205005165064,1.098196118243411,0.6736363657086232,-0.4490036203715333,0.23394918965058986,-0.9568015446675231,1.6025538572565183,0.9442957746788034,0.02999423869317595,-2.785405872725681,1
2.0679691006317116,0.804579635737642,1.176448825366272,-0.7629406833321151,-1.513073716010782,2.5689382494853095,-1.7813875186746997,-0.33873795273196483,0.8286601215177316,-1.3315082995544527,1
1.3636531549494708,0.26669978950207235,-0.4023826975243354,-2.2287882660262497,1.097662045215939,1.2309667897022307,-0.17481537929178315,1.397042713048661,-0.3872493659789524,0.7589443197586707,0
-0.4308196013078661,0.31238724341164475,-1.0632830097704935,-0.4019864911361351,3.0753617713857504,0.753402544242825,-1.4433402929488641,-0.4782087324307843,1.3387779704210623,0.29519306170841997,0
-1.236527693356139,-0.8955045203086053,-1.5807000516739227,0.1264756754883747,1.3387935341957482,1.2722741352657512,-0.9203504671316023,-0.9762973990360795,-0.9083780929706866,-0.5313715169669784,0
1.1365231196024626,0.44162864841891597,-0.42026860559090073,0.672034945655442,1.7164147051592078,0.6575928713679788,-0.13241906960228944,2.0935780307390335,-0.41760596777187864,0.11072343418649651,0
-0.4847408552059358,-0.6493103753703896,1.8342020358562743,-0.8429055643243101,2.1214755069916613,0.42594595947668923,-3.4264411137006974,0.4348353920653043,-0.2797152893203726,0.5983980076204188,0
1.4367374744142614,0.0767629503307216,-0.16898649815484168,-0.6181731623472644,0.20547871249264715,0.9997051542915274,-0.5909586293473541,0.9750096418742659,-1.3844231543584364,0.7686480879681981,0
0.3814538621435398,0.648943606259271,-2.314456078778476,1.6982903924269561,0.9543036266317138,0.0007743704354001846,-1.169381197427751,1.472391887644657,1.6403972809330398,1.1262461801557098,0
1.79474590047366,-1.4561120964789682,-1.021062998206856,0.6652715062900945,-0.34070317423765406,1.1227685838844652,-0.41635467399906834,0.8181767125645697,0.6696226323802841,-0.31861624222723955,0
0.5378166019967985,-0.8214848566236752,0.28405657052987027,-0.9804695349218977,2.544671969427023,1.3877869473132731,-0.39387338477890776,3.044738156017705,-0.1698196855231585,0.2575749708891946,0
0.11589906972541897,0.17380116487733835,-1.1838426410516691,-0.9364460516490096,3.534071789888155,1.6746057498766755,-2.684483931282416,1.0699576822680794,1.9938629392325948,-0.08485904498935258,0
-0.1830178902880214,-0.17762703762329876,-0.5213361424671525,1.0336292027789111,1.2741963354181856,-0.7330919994535277,-2.570552037005216,-1.185023907974246,-0.9981039109477717,-0.15710122998950854,0
1.7881388341138673,0.7020106115294077,-0.2899170858638627,1.9943449497198495,-1.3615558789605147,1.0366268621902492,-0.9067993311743525,-1.7217291980259288,-0.38731153822335257,0.7073785751419703,1
-1.8116782870660768,-0.8305122982775414,0.2099726215246312,-0.3427106214798979,3.105326151535789,-2.6350907722855386,3.7338242398080084,-0.01084839614538402,-0.40208147512407366,1.4596548295855094,1
0.11485458221162148,-0.1616799272144955,-0.29568771745753575,-1.4737589013433978,-0.3387368591647163,0.4047505894169724,0.8053711050582308,0.5264332622637156,-0.2200535073716947,0.7081298604952805,1
-0.4787743358360592,-0.28429011055333836,0.6131740018915679,-1.0345386308482871,1.7724861423311988,-1.4590519515066775,2.712257145675,0.0028557232152265355,0.7534043708791854,0.3854694758482433,1
0.8810576226076142,-0.036602662694947094,-1.0531641491701353,0.8362195690513551,-1.7504736023931389,0.7635377419018796,-1.9689585755307744,-0.40882876030930637,-1.1300441691643648,0.34704645759687075,1
-0.5795711582104837,-1.6496129294336135,0.10839824808820993,-1.0045088309328234,2.4618766310859046,2.674560006542092,-0.9463154418307319,-2.2408344028967244,0.7360787560448773,-1.2625245940527738,0
1.8442954059419696,-0.9920435607771338,-0.8814249061673531,0.6502223934069432,-0.3808672261552162,1.4594065665315403,-0.6607956358113176,0.4839724957632717,-0.5536951531354725,1.4041659401003963,0
-0.9997490743744424,-1.3526273662573858,-1.183541370810924,-0.06974726738073497,-1.1971333187045854,-0.06912134550532456,-1.5809365470782435,-1.697602319952844,-1.457776087797201,-0.3846241760641808,1
3.390892450148595,-0.3693636189282429,-0.2681227090178478,-0.12890464877038457,-1.374003940745894,0.9535603444957341,-2.219862907305327,-3.2233415891965875,0.2296353150738254,-0.44266746064323714,1
-0.27098872477387603,-0.5289225023853102,0.8784535729984396,0.551334216089744,1.555722451319303,-2.1386075415226777,3.7359862890993667,0.5546100036581391,-0.4918786920496538,-1.01437495598195,1
0.17591695347041347,0.4026445114641222,1.7301718049856214,-0.711306679998877,2.477717341052868,0.7702493775815298,-0.7427776427168984,0.041078183287753145,-0.4743518948893711,1.422560328842514,0
-0.6494799821575798,-0.9645679324291752,0.22089765608138748,-1.381432652530298,0.5470509566533653,-0.44498726550790657,0.3947508747249089,2.2021352366168725,-0.651910035385637,-1.1510247094577337,1
-0.7353375647731603,-0.5379748780811127,0.9308745119372439,0.9763736729794835,1.2127499845614993,0.23693833117463114,-1.3997641812339563,-0.7011921049586911,0.9354573648487758,0.29305109092155535,0
-0.015912651533914746,0.7722299334832914,0.5374325913880298,0.14007484795982725,-1.308335386614438,0.3449447444752409,-2.1645426989196803,-0.36312416387977164,-0.4335640327635492,0.12972304868337323,1
-0.4212612125185551,-0.280926624207774,2.4261928146830667,0.8729328675754577,2.162548173831147,-1.7299159979682064,2.4031094667517596,0.43534606442912904,-0.16123525467926955,0.4803350469534765,1
3.3097525123569698,0.9775452018543154,-0.5450197282648013,0.15359913525416638,0.21293278500833546,0.6701662585346417,-0.03803801486284941,3.051645832641938,-0.098336342192499,0.22011387330145232,1
-0.6414159694809506,-0.7880216187756558,0.43711300792073243,-0.41853573333948785,0.9296920733929591,2.208430074927759,-0.41874017607143976,-1.5110475615001584,0.21114021307695982,1.8329505259537546,0
-0.20369688444935163,1.475732678992345,-0.9690510515375831,0.7119574667172651,1.3660142058654048,-0.06309315977685981,-1.1899452954029903,-0.04219849484253202,-0.873668891922626,-0.2332839831572693,0
1.4022746238279975,-1.1651666157588243,1.2217081395199536,1.0136670858668373,-1.1875061915899572,1.5800734776645255,-0.5610210079443758,-1.2456743463565187,-0.6104131458981339,-1.1421147369186135,1
-3.491572721309938,-0.8924840191326041,-0.06158218723279078,0.8950975559201985,0.04921847652768119,0.28143036952607803,-2.09862979315163,-2.137341051351207,-3.1166528474598914,-1.3885102489172416,0
1.690830426193701,-0.75848159912481,-0.6993034391025061,1.0610866281588633,1.5591348081099552,-0.30077894043141684,1.5638321226178324,2.5424566634759675,-0.44555190351192697,0.4146253992672834,1
2.2833160785375064,0.16851340233342924,-0.5937615564013348,-0.00480518632728754,-0.9297831376960999,1.8299399923880455,-0.03645762340068126,0.8318121174672979,0.3788336326894784,-1.2566472506290483,0
-2.3331307752437604,0.4479306733793902,-0.6394060358745213,-1.0172118579001592,-0.8770682433578818,1.1007116192733584,-1.0220785633490093,-1.6320885786260733,0.32463679042940263,-0.6168326009771676,0
0.8197841695933978,0.17570894260456668,-1.2933455163348309,1.5419723478386336,-0.35599007613378886,0.7622029887998376,0.07447398263248028,3.4542214237982085,1.1508766027273922,-1.386048540585573,1
-1.765064434326968,-0.6823456398792657,1.2931780855282224,-1.5890478856133363,-0.910288677163503,-0.3523774723733992,-1.1366067060205673,-0.4553585051294543,-1.5417679247047975,0.649609440098562,0
1.5012532270411645,1.191955967642973,0.15632791552110267,0.7462938598884538,-0.7320220130911901,1.0988194393097115,-0.8454295085148154,-1.1117189847807707,-0.3856317609455195,0.7996037853020775,1
-0.07171646184042535,-1.2947051806855492,-0.32768654132878194,-0.23610401091920777,3.5023445903542374,0.7340435982661841,-1.0663838295420878,2.6255774701401924,0.6426567318548759,-2.4241506170373057,0
1.4442101577516249,0.7817241883143133,-0.8240591186880378,-0.40719681788136125,-0.286100995366685,-0.5559238229342107,-1.5416708459631594,-1.2172510324896526,0.8385414775592605,1.0145862532614673,1
-1.4963413788766968,0.7827039386018507,0.30613118900499553,0.30722104429568986,0.7926085528897904,0.4663325710527293,-1.531769402676697,-1.1898703789662135,0.3748480783328206,1.843925742515286,0
2.094580723840096,0.05641945327380404,-0.21540612797099312,-1.874728280561408,0.1479359116709641,-0.9176431574444727,1.9419745393344656,2.1127057981616044,1.7693373234006244,-1.2645851145979052,1
0.947089743640392,0.10748571833141884,0.9802629527216836,1.2524957291499996,1.5178459374335276,0.2907884560448397,1.6212936067958206,2.8931700705245516,-0.43081760238819583,2.5656515748356306,1
-1.7728091625467013,-0.20813209608425529,-0.4413587915148518,-1.4414021873754232,2.538128351538042,1.908527041350225,-1.7346904812900994,-2.370526290329797,0.19796609997355485,0.31148837705706356,0
2.0198265120128656,-0.08147417319827278,0.12477348791115626,0.7488211811807782,-1.0936236747011125,1.68674030689008,-0.8022934988513293,0.47472982782557427,0.5147580201800833,-0.1702845318258011,1
-1.136305745710896,0.7424442386469563,0.7675900769499596,0.30074901718079544,1.0234601158396561,1.0160771652545915,-1.3508876982700877,-1.428043246129926,0.7601080308146904,0.299236461918441,0
-2.1975417252221234,0.7163309842882809,-0.1502520240166568,-0.26913555159124275,0.06327289488377363,0.5334039590114864,-2.035198851946757,-2.2055523171667337,3.3981273176629,-0.0406130213206811,0
3.0735096757134666,-0.5627969307520315,-1.3355690197014451,-0.41908485198707596,-0.31907727929635077,1.1845653367846383,-0.4196487437146251,-1.1747247151295905,1.6045279277362936,-0.6690594839657179,1
2.8322479653551618,-0.8472692768687942,-0.27457799975296243,-0.023555400220754228,0.893796433519358,-1.3131979425412594,-1.5470705425833318,-0.6495012434657494,-0.3334772500935388,0.37821216264389274,1
1.0472890397735048,1.8090667486444099,0.3260443763658592,-0.7695934645023071,0.7969951656701966,0.5828175936461344,-1.0037498693765288,0.3068759535034835,-0.10868771658665245,0.0025023003171226327,0
-0.15158214694322258,2.024868940495847,-1.1584835618532354,0.07274332869723261,2.3901766727832685,-0.5659414567192025,-1.9925264539100047,-0.184505271921524,-0.4249357897375238,-0.18239698738255672,0
0.8844951965716886,1.7660503040522877,0.9958934155892449,-0.691931322338641,1.1829735179203509,0.8943986131608596,-1.3361249562352189,1.103642107774989,2.786049937813325,0.1596082474008315,0
0.04802163649030444,-0.3962103422811035,-0.05324257008920245,0.6837095369080293,1.4436085434223624,0.06824887667574064,-1.4631491534127257,1.8142480444736617,-3.0711509878990277,-0.9797619477439743,0
-1.2888568950120431,-0.3331543320772962,-1.5388892570785884,-0.3337012446890455,-1.136306921286464,-0.5425710004499162,-0.7703177297423828,2.1267321070024874,-1.3432266479483186,-0.18675106650068315,1
2.361698438882709,-0.2279045472268739,-0.0788922219149961,-0.2905034189769749,0.25256898553823626,0.7852808574706898,-1.2960149705820032,-1.9917542991349309,0.15828602939857542,-0.20521300622596286,1
2.4760950066818626,0.6196631181624246,2.722948687724303,-0.06510053875530415,0.7760324748281254,-1.716944558493604,1.2559400774704288,1.0341846097320706,-0.6999653360405335,-1.6621147135514407,1
2.1200808046328006,-0.6682689998441153,0.972911070368237,1.7275520426206816,-0.2307978905850414,-0.885823244311316,0.980141809676156,0.6404162788050309,-0.5248128336822896,-0.9242189639800154,1
-1.3642315206243363,-0.1712833244641871,-0.17198649540817798,0.21442893041244723,1.1709021818159575,1.49158574933812,-0.17260823240721868,-0.627067303252185,-1.144589275339776,1.7616702321368773,0
2.317805802333795,0.3596491578821158,0.7376259301305024,0.9230132368944994,0.5599599022090377,-0.44855855452749194,-1.9113036927425613,-0.5194194354011548,0.0829205593095799,-0.7058790140602151,1
1.7453101986630386,0.49470466805022306,1.0303846938889931,-1.1800148800942867,-0.6720109967318852,1.4369233702687607,-0.6228941253764912,-1.780458807825742,0.8912902117888275,1.725038589798016,1
0.7886759125391559,2.3919199321195173,-0.7744616439243102,0.26427057306180435,0.6204348444345126,0.7640751170946533,-1.6549446947671431,-0.22254747217673265,-0.7673808064423085,-0.3863044984779063,0
-2.159454377492697,0.23977017358264288,-0.17249603439745634,-0.19542420296937088,-0.08193526389536587,-1.815487663137322,-2.9738353473735057,-0.9520210357669638,-0.8080232546464313,-0.9371511578343226,0
2.2772776117488887,0.3913375808446224,0.6538332230623791,0.852680375827011,-0.9428899730852247,-1.1841395149014158,2.8567520504173958,1.3711056283309182,-0.8351576048625073,-0.23476535143881708,1
1.2232096056493722,0.31805154817895986,-1.192041544161932,-0.6925348843550028,-1.3556960502474562,1.454079965231046,-1.2946922884328425,-1.6570578294559222,0.33492902589548784,1.0064833299902844,1
-2.2625263153396693,0.7015384583583996,0.3026276315298145,-2.2939415848465217,2.3009844625753693,-1.9182112065060863,3.6600866566366097,0.998946572689949,0.7872729880011845,0.8280104061634723,1
0.05332636905870214,-0.04025289842082823,0.9813839922750334,-0.01631721234602282,2.7774591400139954,1.1272779641332662,-1.762022355262942,2.0883039879065723,-1.8917143889714996,0.6694161911868851,0
-0.7441205997568558,1.1751578262941413,-2.4785367158538194,0.44193368708851755,-1.30471297034169,1.0077536457255192,-1.6238589409466653,-0.1660458019611294,-0.40887336840408994,-2.0434935024851213,1
-2.2437711892479593,-0.3843252268587723,0.5253074625021505,-0.29970559352785353,-1.7914086518539962,0.6915361332418926,-1.0019551402404276,-1.7195318330724187,-0.5018515894662998,-1.74637247962368,0
1.2513307539275806,-0.40349793294423086,-1.202483698581293,0.4401478606997584,0.31846112579180486,-0.40824096589034853,0.040681423762880975,-0.06199863283775264,0.8220420039289429,1.4992765840168665,1
-1.2917886689731104,0.5291703669447326,-2.1641367670130003,-1.1170095622303255,-0.07477623191660765,0.048310831250177766,-1.7206661568439112,-1.2586075846237665,-0.9869515117257659,0.4152452343233938,0
2.800760380397752,0.3183729395146662,0.40391558131571953,0.646668746583331,1.3448479339412271,-0.467626532597179,-0.002516601971045196,0.9773556179992952,0.2882515778693265,-0.11540933819978547,1
0.7889355606965107,0.1632860530801324,0.29977223560213645,0.4460125107285377,0.2396357593371864,0.7039725966822592,-0.25194864506600345,0.0870706740648366,0.04011908243657868,0.3050005452097285,0
-1.1327136893023293,-1.2700067677908868,0.04919793781076271,1.4653547075286175,2.130972630913438,3.9494233021958873,0.5351377497243819,-1.6932991884199746,1.0866335418415303,-0.1929539895997672,0
2.358042097972232,0.7521309491276379,-0.9857480745020302,0.6442088388441277,-0.6290613811518135,3.25878126893375,0.5739227588282176,-4.466020310266901,-0.5681722279222957,-0.19007724721659816,1
3.636341932854928,0.38726730043453017,-0.1448408767357999,1.3156318621882446,1.257787314944802,2.7427040098521616,3.31112891952983,2.4744485305551294,-1.0396290784189188,1.123053197526463,0
0.44065505069808997,1.1168681622707382,-0.9242320153191939,0.6993003997179004,3.9156631901705583,1.713996259884473,-0.6987618752405063,-0.2790906173297897,-2.050799855994148,-0.5728225235804407,0
0.9253818756438659,-1.8914238918499067,0.6870107094481968,-0.38968064229955557,-0.009755618112335274,-0.6668606746404824,-0.8578179156058012,-0.24184769248167726,-0.6384124186695391,1.1864610373303244,1
-0.5342129330987807,0.39108034966653454,0.24594371883183785,0.5739767008316777,0.2971879353655539,0.735707851897917,-0.5133639284478541,-0.303556888569844,1.4466314098017299,-0.14228049679277768,0
3.6274142381481402,0.08910076670387657,0.9491491616748444,-1.2495559027394803,0.715284175844795,-0.43761628702899336,-2.470083242834594,2.4404783471520313,1.2094944936447791,-0.17905877605114642,1
4.656437581041337,2.4264636746069916,-1.9812436205537804,1.7396974071200668,-0.6139030626685285,0.5055314865104172,-3.0967098539358506,1.1660583266411944,-0.574590030688042,-0.44340967321854846,1
0.1870211369421665,1.8348201445867027,-0.4732761521782438,0.4437392912698055,0.7657568645901062,0.7282828100882328,-2.9404616194949895,0.22354079069941768,-0.7350729836273578,0.5314896881466579,0
0.5823945420044384,1.8259972117410466,-0.42306060102577947,-0.8638659663957002,0.9065544643977909,-0.9983904304495638,0.3031383511439427,0.9052120462129545,-0.48495442679826284,0.2933435419272292,1
4.074316666719626,-1.695962008377259,-0.14092592389881278,1.5890057587728696,0.05825635071155544,-0.4845575020745587,1.4867352013178539,2.6314821031815194,-0.28699218579099883,-0.13479985209347917,1
1.9211161890377118,1.1387808119221292,1.3808065884550094,1.097221329671825,-0.11573106515789577,-0.5642239243730112,-1.0392966076077723,2.533225330154729,-0.41154894830274796,-0.042804497568092424,1
-0.049520794082670405,1.7697907328371107,-1.228776149049634,-0.4688476040618242,1.0269912014142388,2.864968574549792,-0.4485820351708415,-2.1398597126788212,1.2484680394227587,-0.2092647116644092,0
1.1143482417040589,-0.21888592365616666,-0.28280999504254634,-2.8226349582445267,-0.6895360599810672,0.48896142497358386,-1.3955282119283337,-0.9000932844532231,0.24311334828371603,-0.050065358230497604,1
-0.22858813191058247,1.5812719516191547,1.2079940398603866,0.14494924020545913,1.0968572054396726,-0.256571359786252,-1.8643167680918578,1.6255595575249129,-0.40666844187691986,-2.2456704382724957,0
0.5567625052757277,0.7111924534215757,-0.3636132959016177,-1.7725785653614543,1.1658017982423992,0.6842335959592412,-1.7470795549124518,1.2056496034128474,-1.9223141054539656,1.7111072916770502,0
2.29497433907014,0.3744412244518318,1.2051177396144506,-0.4444775331910273,0.20834921539806361,-0.8714965693091541,2.0686105157959487,2.3115415659589442,0.9012067804923078,0.14564912192963253,1
1.3421112011659284,-1.3962118143750324,1.4146426674953478,-0.06362683744736257,-0.3818286815763938,-1.4028035626983155,1.7004747815155972,0.4117161254663575,-0.9742905608266295,0.9566228117354912,1
2.580796791577492,0.1415321321496996,1.5749486993076387,0.49462463957428626,-0.1385098245088192,0.4258920441667273,-1.8880416239667306,2.1318846246960304,1.6735268417175928,0.758800933975769,1
3.531633763176552,-0.9959479907832324,0.7540621272311238,-2.0638850467544914,-0.513231488047063,0.24795224527784754,-0.7480705946280972,2.8188546789237803,-1.4333239283806845,0.23776116459489285,1
1.2357145849889717,1.3854863405180886,-1.5870337615259915,0.6588139748838979,-0.7942521236184279,0.24724623124368017,-1.252587537000601,0.062423553788426456,-0.4473732498412154,0.008588138508182646,0
-0.07609435095652195,1.2591813215132046,-0.5973971256906215,1.6343831986477642,3.284835313368351,0.7858136384818877,-1.7694775752327012,-0.9866716359967485,1.8050893504578904,-0.18077675480348723,0
0.9461711876762031,0.2759844929124723,-0.3992821430855018,-0.640684993497601,1.538500859593697,-0.8469611213785596,1.5035002422435975,2.1601664894203276,2.042257840510792,-0.006752405155139963,1
-1.1127336729738886,1.5493409267710596,-1.8985230300645715,-1.2336134240359058,3.9196855971229043,0.4649945943056415,-0.8682126756049391,4.38115103716019,-0.7348037072103585,0.749013955074131,0
0.5418399999223584,0.040614086965532745,0.5205018830769746,0.13791652091806014,1.0489576137113887,0.3014367211066823,-1.0384941746127863,1.697528902175395,1.4325861182252961,0.42610313098339714,0
1.0631799704310891,-1.030405737227558,1.1616088136571376,-0.7775331239548554,2.802928826803206,-1.433491905505332,-0.040908664706085895,-0.13460626451242352,-1.1885354539611006,-0.2875581101511349,1
-2.27992811809232,0.05268245431008198,0.7786273646421575,-0.13036128097934865,-1.0283958965655815,0.7226450204224446,-1.2386949042959634,-1.7454331391535525,-1.5734971240144306,-1.1222549787929021,0
-0.17928682005941088,1.797733840577358,0.9384154217891143,-0.532633852777348,0.8117322079085068,-0.7525616858199187,-1.995066829517134,-0.6096296077539528,-0.3163355447400646,0.7590326768672186,0
-1.894321804594739,-0.1880362858866683,-0.3319944588800761,1.3213162028034042,-0.6563244774754375,2.1454610039051003,0.2766521191206459,-1.2508536745729186,0.15966056554792507,-2.009540055171467,0
0.8217518521898677,0.7017100579770927,-0.4561256934946034,1.6770591752971125,-1.1064173550560692,1.0906626495058083,-1.2425049909286803,0.4555996155468265,-0.6836857150290852,0.3095319303042382,1
1.0163003378593238,-0.7270995401759647,0.19490720526237576,1.5274293868801814,0.834444283642867,1.229364923733069,-1.3620716111166087,0.877294957544811,-0.1016358477290527,1.0530000272987412,0
0.2529477266768896,0.1309811291970358,-1.839170389171607,-0.5913046388789457,2.8482773420403555,4.375753059473867,0.8823767771146991,-1.4334563483330305,-0.8564566522457612,-0.7835850574837824,0
-3.293399282032858,-0.5268960053371092,-0.0972036702597796,-0.7191444899872259,-1.8387068805412334,1.2280541659236763,-0.8016199842127152,-2.03321071238811,-0.1655353896476764,1.415912362019825,0
0.14264420080280849,1.7586928369548633,-0.020192102973766283,-0.3637690213731503,-0.9501757612650283,0.8330195616144812,-1.7700216964098128,-0.8811167174853289,1.827441941113795,1.123176946601683,1
0.9779855148453886,0.9899490399685423,-1.1766718290700633,0.7980598733523421,-1.7000183833919134,0.5878814622784991,-1.4392569566151072,0.7877654040308582,-1.2221760651510123,-0.10213305824070133,0
0.7420519469262048,-0.600511018185164,0.12983191628803234,0.3131117685738916,0.30072629233281967,0.3989245331035213,-2.660669178618024,-1.2426781977972494,0.057602226005241515,0.8063654246577088,0
-0.9049656767563963,-0.6899159780289247,-0.6284857063107556,-1.9581754288830124,2.6541108164898786,0.506264624929445,-2.042513905979356,2.882276367808334,0.04177365736491215,-0.29263062033020526,0
2.192353280975359,-0.08560804892812099,-0.6851159796427303,0.34669762850166363,2.0274156819125917,-1.3206587928278555,0.43258145050240615,0.327039242554777,0.37703383782801303,0.6517110765969125,1
-0.4551732870892242,-0.14482595359958514,0.7418087414777685,-0.683233042777688,2.9430435694209205,1.1273829054107831,-0.8729325575637318,-0.17234928002094663,0.5411930073004309,0.3001509512361751,0
-1.62550587301129,-0.9798657956974325,0.5959313470391664,0.5721257176083903,2.724611595776703,-2.460588711634629,4.843362462447054,-0.5221514165916048,-0.5282140148497824,-0.266613013279537,1
1.61609291905009,-0.686936417944251,0.5983301738078541,-0.5242827429098788,0.31978672460305446,1.2210817713940472,0.33462935879039546,1.375206668525697,1.3926548882840513,-1.7249168959418097,0
3.054564721346826,0.5580396715190163,0.6968089911603528,-1.9504122016574068,-0.26485469114934246,0.008614747245305754,-1.5550337272185906,-0.29959379384763263,-1.8873369514350844,1.6462309518099063,1
-1.2931829485131567,0.6847193878884175,-0.05111726347663867,-0.964446270397466,0.3294900864736602,1.055165047997283,-0.35965719325478274,-0.5435337469784831,0.285871785370116,1.4484116701223901,0
1.0564753118132775,1.8166061635554727,-0.25291677271931917,-0.8232960692577094,-0.6421595350335856,0.24178170718133696,-1.4036557686024302,0.44812837520928395,-1.0038497270308853,0.032254229060957,0
0.31931533458411976,-1.705635950162387,-0.8208600201629043,0.053212197103539735,-0.3493687750686869,-0.508812959908137,-2.4957333753846056,-0.7092783560961042,-0.14162098301052742,1.558183630762687,0
0.6564501396109288,0.6122400149069139,-0.050169267633882464,-0.455460383846209,4.928960836848006,2.431752377494073,0.32156832995355944,4.585218205604704,0.3980947793532806,-1.2500735179709248,0
1.9241886776585997,-0.5776142178649032,0.4614248329585187,1.6181924894390771,1.639731646958878,1.8190791385503178,1.2472046784576958,2.8212828023060714,-0.008362111124060725,1.3009415130316988,0
-2.5864543545488816,0.675870602230281,0.556242187528883,0.22352572447638855,0.44437312961730946,0.9214696713634002,-0.5548518862687508,-0.5793691003590163,0.07012493246484428,-0.16004220173068698,0
-1.4548589579159565,0.4142175849508347,-1.9714812999899154,0.151157745253608,4.038748003317856,2.014766592428592,-1.6583182979630677,-1.7019692234642583,1.1228314454991277,1.3527398946610956,0
0.6821736323792982,1.2932994952412589,0.2128198468830529,0.7160457490404942,0.35330410193729156,0.7978458657361711,-2.2129350727781008,0.0345783220956718,1.9499750409961005,-0.33394559630536247,0
1.653123167905717,0.16364477600286786,0.04229109399772563,-1.1774859736064411,-0.7779934005509141,4.16565570893219,0.06971136931359712,-0.8424029152496918,0.6464767861983517,-1.1395027940812656,1
2.283642986357698,0.370309127725609,-0.3731404762049969,-1.2817956203514085,-0.49658275015544084,1.3547210242043546,-0.8169012809637517,0.7841613207894067,0.30928260321359313,-0.5633864504523027,1
1.8318949373026876,-0.2935224638814117,-0.40329558191709247,-0.45022355303663136,0.022929142912578637,-0.9268621674240438,-1.6483423873720846,-2.692440752363937,0.3835524037071247,1.0728514906209918,1
0.05739667974977314,-0.4943056012863549,-0.6434350670302766,0.8348285011924532,1.347717961402214,0.45354938496111086,-0.38017837985858194,0.29963165994160845,-0.6666286156786452,-0.9057893786017872,0
-0.1579545247667269,-0.7800659529251152,0.5035427567167631,1.2933001091062284,-1.4460883489409018,1.233521636858189,0.057913879516325206,-2.156471816704965,-1.114773861037247,0.8355827763397274,1
-0.03874897481286954,-1.2776002651682936,0.6283300457417965,-0.6748142442311369,-2.0004331557021695,4.22299801625391,-0.8757339872495855,-1.0831805196838296,1.5773708700880358,0.3571617361440502,1
1.0598636501071623,0.9758820833077517,-0.6594957083176173,1.4536681740739517,-0.32062030459380153,0.8396186832771312,-1.5235791718868175,-0.1419654843760585,-0.26776113604559193,1.650748344305217,1
-0.20181507090021533,0.23069731833443458,-1.1920263419831856,-0.673185236463088,2.5310143284571653,-0.66079621228908,1.0463330098926193,0.8395868232075672,-0.8389684396441776,0.016120897460654492,1
1.5964906432442976,-1.0344713570175377,0.6238959430765766,0.9733659524856143,1.8205679184507182,1.757463970866057,-0.3177201300896063,1.224927988524658,-0.11542030120241245,-1.6541764402276586,0
0.1654392554386679,-2.2083721890129024,-0.6308209939074417,1.0270458521777606,0.6281415370280969,0.9841218668706274,0.1978036148718425,0.25574789309070245,1.8420001495344303,-1.5204625824708864,0
1.2057923307824971,-0.5908281109074761,-0.16228244716741405,-0.31487533206307944,0.01772647770798641,0.4266866594450899,-0.036985428584307645,1.4759637054970343,-0.07497925907755129,-0.025347274750424368,0
0.624927042221729,0.19163196206738903,-0.4248990892028066,-0.6227475600019066,0.555991011704437,0.22113780684408701,-1.3441310252798755,0.3722247570621142,1.1985326271211874,1.0580223881158126,0
0.6453109198887172,0.01682506628781065,-0.31022100724973456,-1.0859225292896342,2.174947245574784,0.4534116863041111,0.0026701601764136385,2.6417673186100776,-0.4630639442340176,1.421582856672674,0
-2.2986234416392124,-0.5428675947525371,-1.7644889696569042,1.7062193080253947,-0.5044669921469507,0.22732060927328002,-1.2580607485105506,-1.168751958754966,-0.35639700732060503,-1.2300300759220195,0
0.27859266875936606,0.838548926313624,-1.2388150181242825,-0.443318302385349,1.4662147563198706,0.7216134471793485,-0.7491324102354776,-0.10192688924614313,0.7063706972505993,1.1961046355079166,0
3.620487686743051,-0.19417973726286455,1.0787190508030151,1.6393038833690963,-0.12233915457272304,0.13213843462720298,-2.1056093957849433,0.8031492574813893,1.2619671159963644,0.8086627654972872,1
3.4413032767024117,1.1632297551407775,1.1321981917206816,-0.9289853160893053,0.18860322509944494,0.44479956366969176,-2.0915410107844856,-1.2695824710491617,1.086308754436352,0.3657630307571361,1
1.8009431955995006,0.08710621930597107,-1.8110231428819916,-1.1812224476083824,-2.642417775945787,6.036792892920811,-0.19299848341308823,-2.491864670613829,-1.0077842719176842,-0.5831971578837205,1
-1.9549934823956625,0.646449368542261,0.2797480006999844,-0.4998395974016641,-0.06663792640604993,-0.13882681418807707,-1.6766649092427577,-1.044425110620512,2.311259004942879,0.9860838914777112,0
1.787966554927602,0.9714218648162062,1.2399368072885906,-0.40375536717902655,-0.311689665229016,0.7339178836068245,-0.40647439696678456,-0.48391738178164223,0.6765165547809898,0.0007209069359758764,0
-0.11261128799391384,-0.29187885403461106,-0.3810764544467266,0.5721002083009874,-2.27281413641896,-0.5702027453213807,-2.231499053440535,-1.6520830490501992,-0.9457716460732776,1.3240877836120952,1
0.4154842567839544,-0.06513833572888815,-0.39414359935289583,-1.143195323350039,-2.328618097134343,1.399716224935299,-2.650330358493248,-3.276583850542455,0.448317562430157,-1.39543764310967,1
2.1922182396486516,-0.2065467344489443,-1.3122595933253687,1.1061717517923306,-1.0991114438508478,0.42558143754742783,-2.713779832620962,-0.2200533652395671,0.16111595885617766,-0.12672634156275403,1
-2.59414380473215,-0.4648233551271014,0.5190695393722207,1.7089640520298932,-0.5155992867787782,4.3102002750538215,0.5389555412712306,-2.9537270834735523,-0.08891259090346215,0.29723427249751627,0
-1.4156482142451101,0.09119636937142765,-1.5387973771589998,0.10878336385396588,0.2663834746105713,-0.961104621576355,-2.8779629927763493,-1.581581355758705,0.5324643077886954,0.6472865640460312,0
2.580644379670037,0.1450241724724937,-0.4131228857693131,-0.940686884970515,1.0304613572068315,-0.015134333316985327,-0.6730782044451251,3.9429694517077873,1.0584747721189638,0.47917915941149414,1
0.6460853607622102,-0.938954147968868,-0.3956003732457072,-1.343125267644541,0.8237783493336484,0.725049940299656,-2.173845598435145,0.011864590216369097,-0.9308852437031945,2.2383531617708616,0
0.9850725348498415,-1.2566032042472546,0.6259596487811641,-0.7007166605407599,-1.0512786828473755,-0.07278916559558768,-1.2936814482915706,-1.9414834776430354,-0.40601135338038663,0.2340659910556799,1
1.328502813769254,-0.487357365983966,0.20451600281122595,-0.4227988546098636,0.22889954962442194,-0.7341789879371816,0.6941168645895465,0.7286796832784743,-1.0254636745111536,-0.49529607088106914,1
-2.126920043864975,0.2876976070117176,-0.17516373577895686,-0.09189562541568821,3.3771167020422634,-2.2914760132945107,2.9380823443036412,-1.0885980894039156,-0.19714738095841283,0.4126650231818217,1
-0.4693364459991931,0.1367892000769957,2.102044755837806,-1.737922445965795,0.11818407251673868,-0.6460506455204049,-1.6208750753240806,-0.4241668159750167,-0.35913302229707783,0.42229163126339586,0
2.0469373657591556,-0.5360817951208534,-0.6781524611975589,0.7462485394318988,-2.227083597325228,1.1143917296175234,-1.6083418748459426,-1.4577891280952735,2.8917029899567672,-0.15784202104008319,0
1.185049771924688,-0.6334436347708801,-0.5797575584004494,0.34008941146390376,-1.9326550082113527,0.028071071042541362,-1.741010789615265,0.1418898417869423,2.7231179876264315,-0.48579059640847966,1
2.3836649138929933,1.4726302506630577,0.042013229553474946,-0.41778944907906534,-1.0648097626065198,1.073833732405147,-2.5027516469998066,1.2544270776875672,-0.514642808101213,0.4509728107517077,1
0.6414939892189605,1.9630858846815047,-0.5122951462609718,-0.7238037443516702,0.90320816488746,0.8719307179670532,-1.6493465022848324,1.1930860004690687,-0.6159561935134189,0.151231072166842,0
1.9956808664854486,0.6528415343211572,-0.8125757823108081,0.0021462821265419876,-0.6428624097907165,0.2178590205916009,-0.9853964273734452,1.614647879986482,0.8336373968036918,1.019343267248685,1
0.37893954044017497,0.9997148032654405,-0.25197318715848965,0.9149333898817024,0.9936936571123997,0.7116627911307981,-0.8074444033694562,1.6647710079961922,-0.8981693831521145,-1.2039381307977697,0
-1.6833436789954455,0.22909475621236441,-0.2552581566621963,0.9149234801178312,0.05905990339157041,-1.069322656482845,-2.295440249310151,-0.8251054024478316,-0.6739476617634077,0.2482597964904795,0
-0.09272056652855287,0.033216563013147696,-1.7152852174529993,0.20112345870152593,2.0917052141485946,-0.969957783806657,0.5198999902694879,-0.2326398454425065,2.2085166800091733,0.8072610563356423,1
2.7718153763238034,1.7396652519704507,-1.3775763800646668,-2.0208175845859473,0.7248600500330438,-0.35891873731441826,-1.3355242602287016,1.330176855335401,0.08528406873324018,1.7001349103999372,1
1.5853502735580127,-1.0782181701163007,-0.39998202782890996,-0.8842890029883183,-0.0296194060666779,1.70220878626174,-2.023426462314176,-1.1916002857639723,0.3770902204267797,-1.030142265222829,0
2.0703235888133316,0.3028832767193024,0.7723145844407059,-0.13552626897887088,0.43877996216159443,1.4976151224245935,0.5916671513232645,1.4645869727156522,0.39844804551200075,0.03372310292137513,0
1.2042139547742345,0.9992846402345082,-0.7254277431833954,0.9708869120133524,-1.203638745584647,3.612972295677438,0.29760046050315436,0.5349378321645544,1.054806433094623,-0.14698665016498094,1
2.7574456489524155,-0.8609115305933583,1.0858213192287456,-1.4104272038242296,-0.20078153172843072,1.5664812191575865,1.1231947079892444,0.6297452064743996,-1.9792058592406632,-0.154373534723929,0
-0.4714718875668513,-2.099571642580309,0.8209819347379005,0.9618064725106198,4.286545267737683,1.3140063333191994,-1.653257877435248,-0.9429552276527002,-1.7233031203192695,0.11801596410790594,0
1.0719505023181108,0.3741725411088173,-0.2715583037938346,1.1700770630296313,-0.01949347632104259,2.1514267706319794,0.5750385215040936,-0.8485216547437118,0.19829603371445353,-1.2774179987810317,1
-2.452913162701528,0.8190549384206998,-1.0159596631945673,0.5083129561625233,-0.2618264085260986,1.3975795876601929,-1.1704985560219872,-2.118252785505879,0.11458061710084447,-0.3673558087682479,0
2.4021142688708292,0.8787342780476652,-0.9486245101864299,-0.2573108661846765,-0.49868372553826157,1.3503643681062825,-0.21591375360989906,-1.8476634641745018,-1.5442733210975552,-0.9421220953528093,1
-3.8048736827465643,0.5516522685790743,-1.371314176106123,-1.4159131295368785,-1.9777969005560103,0.20289323713176965,-2.1242118087153656,-2.7556688713105038,0.8113303189214178,-0.0673056699677156,0
1.961199543419562,0.061908104029996795,0.6187258381044658,0.5117789786504942,0.45532102843061706,1.1186444485153544,1.459508974348994,2.4607277723311816,0.29556060178674576,0.7353411541977961,0
2.047661775172344,1.4063704050164938,-0.4045549175583959,0.39311465605803403,-2.127429184343494,0.7579030767944004,-1.6121109659651212,-2.092992841786753,-1.2254884792188265,0.5052110240856904,0
1.511935627942747,-0.29502735211415737,0.21156483319424793,-0.20331653382972917,1.4280302419716107,0.10861769771340857,-0.11109531504246406,0.84028428916119,1.2065874198042088,1.96754074619586,1
4.298524496392997,-0.7295630157376162,-1.2503135829593135,-1.111505380701124,-0.6036812939224208,0.7708423789283965,-0.48257158502656217,1.9099165794482973,-1.7768256615760247,0.21081507795919088,1
0.5537390928321761,-1.0249280665857678,0.8055938349951759,0.03249986288786191,1.4774130162456236,0.3075308663556904,-0.9030377063160914,1.2061264245467775,0.24672138869860635,0.07541774261246036,0
2.329580360541881,-0.5520436151630664,0.5488358830184623,-2.0194061287908016,1.5294779292570433,2.664648649438,0.4610532098195663,1.5428899522278672,0.3738371450016698,2.3517718389720548,0
